hotel,is_canceled,lead_time,arrival_date_year,arrival_date_month,arrival_date_day_of_month,stays_in_weekend_nights,stays_in_week_nights,adults,children,babies,country,market_segment,deposit_type,customer_type,average_daily_rate,is_repeated_guest,booking_changes,required_car_parking_spaces,total_of_special_requests
City Hotel,1,1,2015,September,30,0,2,1,0,0,PRT,Offline TA/TO,Non Refund,Transient,98.1,1,0,0,0
Resort Hotel,1,19,2016,March,19,2,4,2,0,0,PRT,Online TA,No Deposit,Transient,70.17,0,0,0,1
Resort Hotel,0,9,2017,August,1,0,4,2,0,0,ESP,Online TA,No Deposit,Transient,193.4,0,0,0,1
Resort Hotel,0,110,2016,November,11,0,1,2,0,0,BRA,Online TA,No Deposit,Transient,36.24,0,2,1,0
City Hotel,0,329,2017,July,27,0,2,2,0,0,GBR,Online TA,No Deposit,Transient,89.1,0,0,0,1
Resort Hotel,0,212,2017,August,31,2,8,2,1,0,GBR,Offline TA/TO,No Deposit,Transient,89.75,0,1,0,0
Resort Hotel,0,14,2017,January,29,2,0,1,0,0,PRT,Online TA,No Deposit,Transient,43.0,1,0,0,2
Resort Hotel,0,58,2016,October,3,2,5,2,0,0,DEU,Online TA,No Deposit,Transient,85.0,0,0,1,1
City Hotel,1,88,2017,May,17,0,3,2,0,0,ITA,Online TA,No Deposit,Transient,117.0,0,0,0,0
City Hotel,1,373,2017,April,5,0,3,2,0,0,PRT,Offline TA/TO,Non Refund,Transient,90.0,0,0,0,0
City Hotel,0,36,2016,December,22,0,1,1,0,0,GBR,Online TA,No Deposit,Transient,77.99,0,0,0,1
City Hotel,1,60,2016,June,1,0,1,2,0,0,FRA,Online TA,No Deposit,Transient,116.1,0,0,0,0
City Hotel,0,5,2016,December,5,1,1,1,0,0,PRT,Corporate,No Deposit,Transient,88.0,0,1,1,1
Resort Hotel,0,1,2016,April,30,2,4,2,0,0,PRT,Online TA,No Deposit,Transient,107.67,0,0,1,2
Resort Hotel,0,1,2017,April,24,1,0,2,0,0,PRT,Online TA,No Deposit,Transient,106.0,0,0,0,1
Resort Hotel,0,3,2016,December,10,0,1,3,1,0,PRT,Online TA,No Deposit,Transient,110.0,0,0,0,0
City Hotel,0,44,2016,July,9,0,1,2,1,1,ROU,Online TA,No Deposit,Transient,131.4,0,1,0,1
City Hotel,1,57,2016,March,29,0,4,3,0,0,BEL,Online TA,No Deposit,Transient,116.45,0,0,0,0
City Hotel,1,34,2015,December,8,0,2,1,0,0,PRT,Offline TA/TO,Non Refund,Transient,90.0,0,0,0,0
Resort Hotel,0,81,2015,August,11,2,5,2,0,0,GBR,Online TA,No Deposit,Transient,118.02,0,1,0,1
City Hotel,0,6,2016,November,28,1,3,1,0,0,NLD,Online TA,No Deposit,Transient,49.59,0,0,0,0
City Hotel,0,59,2016,February,6,2,2,3,0,0,AUT,Groups,No Deposit,Transient-Party,90.0,0,0,0,1
City Hotel,1,292,2015,August,5,0,2,2,0,0,PRT,Groups,Non Refund,Transient-Party,62.0,0,0,0,0
City Hotel,0,26,2017,February,19,2,3,2,0,0,DEU,Online TA,No Deposit,Transient,63.17,0,0,0,0
Resort Hotel,1,127,2016,July,9,2,6,2,0,0,PRT,Online TA,No Deposit,Transient,159.5,0,0,0,1
City Hotel,1,37,2015,September,21,1,3,2,0,0,PRT,Online TA,No Deposit,Transient,145.8,0,0,0,2
Resort Hotel,1,83,2016,February,4,1,3,2,2,0,PRT,Online TA,No Deposit,Transient,98.0,0,0,0,0
City Hotel,0,14,2015,August,18,1,5,2,0,0,NLD,Direct,No Deposit,Transient,75.0,0,0,0,0
Resort Hotel,0,4,2016,March,18,0,1,2,0,0,PRT,Direct,No Deposit,Transient,45.0,0,0,0,1
Resort Hotel,0,31,2015,November,2,3,10,2,0,0,PRT,Corporate,No Deposit,Transient-Party,43.2,0,4,0,0
City Hotel,1,34,2015,August,5,0,2,2,0,0,PRT,Groups,No Deposit,Transient-Party,62.0,0,0,0,0
City Hotel,1,87,2017,June,3,2,2,2,0,0,SWE,Online TA,No Deposit,Transient,180.0,0,0,0,0
City Hotel,0,77,2016,October,20,1,3,2,0,0,DEU,Offline TA/TO,No Deposit,Transient,90.95,0,0,0,0
Resort Hotel,0,9,2017,February,24,0,1,2,0,0,PRT,Online TA,No Deposit,Transient,67.0,0,0,1,0
City Hotel,0,46,2016,November,3,0,3,3,0,0,GBR,Online TA,No Deposit,Transient,129.6,0,0,0,2
City Hotel,0,137,2016,February,7,2,1,3,0,0,FRA,Offline TA/TO,No Deposit,Transient,93.0,0,0,0,2
Resort Hotel,0,2,2015,September,30,0,3,1,0,0,FRA,Offline TA/TO,No Deposit,Transient-Party,58.5,0,0,0,0
Resort Hotel,0,76,2017,August,1,0,2,2,0,0,PRT,Online TA,No Deposit,Transient,304.0,0,1,0,3
Resort Hotel,0,110,2016,September,9,2,3,2,0,0,ESP,Online TA,No Deposit,Transient,133.0,0,0,0,2
City Hotel,1,274,2015,July,18,2,2,2,0,0,PRT,Groups,No Deposit,Transient-Party,62.0,0,0,0,0
City Hotel,1,178,2016,August,31,0,2,2,0,0,GBR,Online TA,No Deposit,Transient-Party,103.69,0,0,0,0
City Hotel,1,10,2017,April,10,1,1,2,0,0,NLD,Online TA,No Deposit,Transient,115.0,0,0,0,1
Resort Hotel,0,0,2016,February,7,1,0,2,0,0,PRT,Direct,No Deposit,Transient,56.1,0,1,0,0
Resort Hotel,1,277,2015,October,5,4,10,1,0,0,GBR,Groups,Non Refund,Transient,48.5,0,0,0,0
Resort Hotel,1,215,2016,June,1,0,3,2,0,0,PRT,Groups,Non Refund,Transient,110.0,0,0,0,0
Resort Hotel,0,82,2017,May,13,2,2,2,0,0,ESP,Online TA,No Deposit,Transient,147.0,0,0,0,1
Resort Hotel,1,159,2016,December,22,0,2,3,1,0,GBR,Online TA,No Deposit,Transient,97.0,0,0,0,0
City Hotel,0,180,2016,May,2,1,1,2,0,0,ITA,Offline TA/TO,No Deposit,Transient-Party,100.0,0,0,0,1
City Hotel,1,17,2016,January,23,2,1,1,0,0,TUR,Online TA,No Deposit,Transient,81.0,0,0,0,0
Resort Hotel,0,86,2016,April,29,2,2,2,0,0,IRL,Offline TA/TO,No Deposit,Transient,52.56,0,0,0,0
Resort Hotel,0,19,2017,February,14,0,2,2,0,0,GBR,Offline TA/TO,No Deposit,Transient,60.0,0,0,0,0
City Hotel,0,50,2016,September,10,1,1,2,0,0,USA,Direct,No Deposit,Transient,145.8,0,0,0,2
City Hotel,1,69,2016,June,12,2,4,1,0,0,PRT,Offline TA/TO,Non Refund,Transient,120.0,0,0,0,0
City Hotel,0,4,2016,November,22,0,2,1,0,0,PRT,Online TA,No Deposit,Transient,99.5,0,0,0,2
City Hotel,0,0,2016,December,27,0,2,2,2,0,GBR,Online TA,No Deposit,Transient,178.5,1,4,0,1
City Hotel,0,0,2015,August,4,0,2,2,0,0,BEL,Online TA,No Deposit,Contract,80.0,0,1,1,1
City Hotel,1,312,2015,August,25,0,4,1,0,0,PRT,Groups,No Deposit,Transient-Party,60.0,0,0,0,0
Resort Hotel,0,94,2017,February,13,1,3,1,0,0,GBR,Groups,No Deposit,Transient-Party,44.0,0,0,0,0
Resort Hotel,0,148,2015,July,11,2,5,2,1,0,PRT,Offline TA/TO,No Deposit,Transient,119.7,0,1,0,1
City Hotel,1,517,2016,December,8,0,2,2,0,0,PRT,Groups,Non Refund,Transient,62.8,0,0,0,0
City Hotel,1,223,2017,April,17,1,0,2,1,0,DEU,Online TA,No Deposit,Transient,133.2,0,0,0,1
City Hotel,0,211,2016,August,23,0,3,2,0,0,PRT,Online TA,No Deposit,Transient,77.03,0,0,0,0
City Hotel,1,248,2016,October,31,1,2,1,0,0,PRT,Corporate,Non Refund,Transient-Party,106.0,0,0,0,0
Resort Hotel,0,76,2015,July,14,0,5,2,0,0,PRT,Direct,No Deposit,Transient,101.8,0,0,0,0
Resort Hotel,1,231,2017,May,26,2,4,2,0,0,POL,Online TA,No Deposit,Transient,122.4,0,0,0,1
Resort Hotel,0,6,2017,June,2,0,1,2,0,0,PRT,Online TA,No Deposit,Transient,94.5,0,0,0,1
Resort Hotel,0,38,2016,March,17,0,3,2,0,0,GBR,Offline TA/TO,No Deposit,Transient,35.0,0,0,1,0
City Hotel,0,273,2015,July,17,0,2,2,0,0,PRT,Offline TA/TO,No Deposit,Transient-Party,109.0,0,0,0,0
City Hotel,1,10,2017,January,6,2,2,2,0,0,ITA,Online TA,No Deposit,Transient,71.19,0,0,0,0
City Hotel,1,320,2017,August,3,0,2,2,0,0,GBR,Online TA,No Deposit,Transient,89.1,0,0,0,1
City Hotel,0,8,2016,January,19,0,5,2,0,0,ROU,Online TA,No Deposit,Transient,79.4,0,0,0,1
Resort Hotel,0,287,2015,October,15,1,3,1,0,0,GBR,Groups,No Deposit,Transient-Party,37.0,0,1,0,0
City Hotel,0,74,2016,April,13,0,4,2,0,0,DEU,Online TA,No Deposit,Transient,99.45,0,0,0,0
Resort Hotel,0,155,2016,August,22,1,5,2,0,0,ESP,Online TA,No Deposit,Transient,170.0,0,0,0,2
Resort Hotel,0,28,2016,October,31,2,5,2,0,0,GBR,Offline TA/TO,No Deposit,Transient,32.31,0,0,0,0
City Hotel,0,10,2016,February,22,1,3,2,0,0,PRT,Direct,No Deposit,Transient,107.0,0,1,1,1
Resort Hotel,0,73,2017,April,15,2,5,2,0,0,IRL,Offline TA/TO,No Deposit,Transient,43.2,0,0,0,0
Resort Hotel,1,67,2016,October,29,1,1,2,0,0,ESP,Online TA,No Deposit,Transient,76.5,0,0,0,3
Resort Hotel,0,10,2015,July,16,2,3,1,0,0,IRL,Direct,No Deposit,Transient-Party,150.2,0,1,0,1
Resort Hotel,1,128,2016,December,3,0,1,2,0,0,PRT,Groups,No Deposit,Transient-Party,64.0,0,0,0,0
City Hotel,0,161,2016,August,16,0,2,3,0,0,PRT,Online TA,No Deposit,Transient-Party,82.35,0,6,0,2
City Hotel,1,9,2017,March,1,0,3,3,0,0,CHE,Online TA,No Deposit,Transient,158.0,0,0,0,0
City Hotel,0,24,2017,May,19,0,2,3,0,0,ITA,Online TA,No Deposit,Transient,230.0,0,0,0,1
Resort Hotel,0,26,2015,August,31,1,3,2,2,0,PRT,Direct,No Deposit,Transient,155.5,0,3,0,0
City Hotel,0,118,2016,June,6,1,1,1,0,0,NLD,Offline TA/TO,No Deposit,Transient-Party,110.0,0,1,0,0
Resort Hotel,0,176,2016,July,15,2,5,2,0,0,IRL,Offline TA/TO,No Deposit,Transient,151.4,0,0,0,0
Resort Hotel,1,6,2016,April,27,0,1,2,0,0,PRT,Direct,No Deposit,Transient-Party,72.0,0,0,0,0
City Hotel,0,25,2015,October,4,2,1,2,0,0,GBR,Online TA,No Deposit,Transient,80.85,0,0,0,1
Resort Hotel,1,46,2016,July,30,0,1,2,0,0,PRT,Online TA,No Deposit,Transient,179.0,0,0,0,0
City Hotel,1,188,2017,July,27,2,4,3,0,0,NLD,Online TA,No Deposit,Transient,175.5,0,0,0,1
City Hotel,1,248,2017,July,29,2,2,2,1,0,CHE,Online TA,No Deposit,Transient,125.1,0,0,0,0
City Hotel,0,197,2016,August,24,0,3,2,0,0,PRT,Offline TA/TO,No Deposit,Transient-Party,72.25,0,0,0,1
Resort Hotel,0,52,2016,June,20,1,2,1,0,0,PRT,Corporate,No Deposit,Transient,57.0,0,0,0,0
City Hotel,0,106,2017,April,26,1,4,1,0,0,NOR,Direct,No Deposit,Transient,100.8,0,1,0,1
Resort Hotel,0,22,2016,September,24,2,2,2,0,0,ESP,Direct,No Deposit,Transient,163.5,0,0,1,0
Resort Hotel,0,32,2016,April,19,0,1,2,0,0,PRT,Corporate,No Deposit,Transient-Party,59.0,0,0,0,1
City Hotel,0,86,2015,September,9,0,2,2,0,0,FRA,Corporate,No Deposit,Transient-Party,100.0,0,0,0,0
City Hotel,1,272,2015,July,16,0,2,2,0,0,PRT,Groups,No Deposit,Contract,62.0,0,0,0,0
City Hotel,0,423,2017,July,22,1,1,1,0,0,DEU,Offline TA/TO,No Deposit,Transient-Party,95.5,0,1,0,0
Resort Hotel,1,77,2016,August,18,0,2,2,0,0,USA,Online TA,No Deposit,Transient,214.0,0,1,0,0
City Hotel,0,177,2016,October,29,2,1,2,0,0,FRA,Online TA,No Deposit,Transient,104.4,0,0,0,2
City Hotel,1,330,2015,September,12,2,2,2,0,0,PRT,Groups,No Deposit,Transient-Party,62.0,0,0,0,0
Resort Hotel,0,143,2015,July,9,1,3,3,0,0,GBR,Offline TA/TO,No Deposit,Contract,78.6,0,0,0,2
Resort Hotel,0,23,2016,February,6,2,2,2,0,0,PRT,Offline TA/TO,No Deposit,Transient,29.0,0,0,0,0
City Hotel,1,56,2016,June,8,0,1,2,0,0,PRT,Offline TA/TO,No Deposit,Transient-Party,120.0,0,0,0,0
City Hotel,0,63,2017,July,30,2,4,2,0,0,ESP,Online TA,No Deposit,Transient,153.67,0,0,1,1
City Hotel,1,34,2017,May,10,0,1,2,0,0,USA,Online TA,No Deposit,Transient,169.0,0,0,0,1
City Hotel,1,1,2016,September,20,0,3,2,0,0,PRT,Direct,No Deposit,Transient,160.0,0,0,0,0
Resort Hotel,0,240,2017,August,6,2,2,2,0,0,CN,Offline TA/TO,No Deposit,Transient-Party,118.0,0,0,0,1
Resort Hotel,0,66,2017,May,13,2,5,2,0,0,PRT,Online TA,No Deposit,Transient-Party,165.0,0,1,0,0
Resort Hotel,0,52,2016,May,22,2,3,2,0,0,CN,Online TA,No Deposit,Transient,85.16,0,0,0,1
City Hotel,0,2,2017,May,17,0,2,1,0,0,FRA,Offline TA/TO,No Deposit,Transient-Party,130.0,0,0,0,0
City Hotel,0,156,2016,August,23,0,2,2,0,0,FRA,Online TA,No Deposit,Transient,94.5,0,1,0,1
City Hotel,1,164,2017,May,15,1,2,1,0,0,PRT,Groups,Non Refund,Transient,160.0,0,0,0,0
City Hotel,0,33,2017,July,11,0,2,2,0,0,ESP,Online TA,No Deposit,Transient,120.0,0,0,0,1
City Hotel,1,124,2016,July,16,2,1,2,0,0,CN,Online TA,No Deposit,Transient,118.8,0,0,0,1
City Hotel,0,102,2015,October,16,0,2,2,0,0,DEU,Offline TA/TO,No Deposit,Transient-Party,109.0,0,0,0,0
City Hotel,1,275,2016,October,5,1,4,2,0,0,PRT,Offline TA/TO,Non Refund,Transient,90.0,0,0,0,0
City Hotel,0,5,2016,January,15,5,12,2,0,0,BRA,Online TA,No Deposit,Transient,88.12,0,0,0,1
City Hotel,1,444,2016,December,1,0,3,1,0,0,PRT,Offline TA/TO,Non Refund,Transient,75.0,0,0,0,0
City Hotel,0,10,2016,October,13,1,3,3,0,0,PRT,Direct,No Deposit,Transient,149.0,0,1,0,1
Resort Hotel,0,10,2016,June,18,2,2,3,0,0,GBR,Online TA,No Deposit,Transient,158.58,0,0,0,2
Resort Hotel,0,0,2015,July,29,0,1,1,0,0,,Corporate,No Deposit,Transient,114.0,0,0,0,0
City Hotel,1,25,2017,May,30,0,1,2,0,0,PRT,Groups,No Deposit,Transient-Party,90.0,0,0,0,0
Resort Hotel,0,43,2016,November,8,0,4,2,0,0,LVA,Online TA,No Deposit,Transient-Party,46.8,0,0,0,2
City Hotel,0,13,2015,August,25,0,2,2,0,0,SWE,Online TA,No Deposit,Transient,90.0,0,0,0,1
City Hotel,1,56,2016,May,3,0,2,3,0,0,ITA,Online TA,No Deposit,Transient,159.3,0,0,0,0
Resort Hotel,0,13,2017,January,24,0,2,1,0,0,PRT,Corporate,No Deposit,Transient,38.0,1,0,1,0
City Hotel,0,80,2016,April,8,0,2,2,0,0,DEU,Online TA,No Deposit,Transient-Party,96.3,0,1,0,1
City Hotel,0,136,2016,June,28,2,5,2,1,0,DNK,Online TA,No Deposit,Transient-Party,106.25,0,0,0,0
City Hotel,0,133,2017,April,19,0,4,2,0,0,ISL,Offline TA/TO,No Deposit,Transient-Party,124.0,0,0,0,0
City Hotel,0,7,2015,August,26,0,2,2,0,0,AUT,Online TA,No Deposit,Contract,90.0,0,0,0,2
Resort Hotel,0,131,2015,July,13,2,5,2,0,0,GBR,Offline TA/TO,No Deposit,Contract,113.05,0,0,0,1
Resort Hotel,0,28,2016,February,20,2,3,2,0,0,GBR,Offline TA/TO,No Deposit,Transient,40.5,0,0,0,0
City Hotel,1,8,2016,March,11,1,2,2,0,0,FRA,Online TA,No Deposit,Transient,124.0,0,0,0,0
Resort Hotel,0,29,2015,October,23,0,2,2,0,0,ESP,Direct,No Deposit,Transient-Party,56.0,0,0,0,2
City Hotel,0,230,2017,August,21,1,4,2,0,0,NOR,Online TA,No Deposit,Transient,117.0,0,0,0,2
City Hotel,0,147,2016,May,3,0,4,2,0,0,FRA,Online TA,No Deposit,Transient,99.45,0,0,0,0
Resort Hotel,0,2,2015,October,11,1,0,2,0,0,ESP,Online TA,No Deposit,Transient,50.4,0,0,0,1
Resort Hotel,0,152,2017,April,5,0,4,2,0,0,GBR,Groups,No Deposit,Transient-Party,53.25,0,0,1,0
City Hotel,1,105,2016,April,6,0,1,2,0,0,PRT,Offline TA/TO,Non Refund,Transient,75.0,0,0,0,0
City Hotel,0,2,2015,December,29,0,2,2,0,0,BEL,Direct,No Deposit,Transient,115.0,0,0,0,0
City Hotel,1,195,2017,July,31,1,1,2,0,0,PRT,Online TA,No Deposit,Transient,104.4,0,0,0,0
City Hotel,1,134,2017,February,25,0,1,1,0,0,PRT,Groups,No Deposit,Transient-Party,75.0,0,0,0,0
City Hotel,0,28,2017,April,27,0,2,2,0,0,AUS,Online TA,No Deposit,Transient,114.0,0,1,0,0
City Hotel,1,184,2017,May,28,2,3,2,0,0,PRT,Groups,Non Refund,Transient,130.0,0,0,0,0
Resort Hotel,1,14,2017,March,10,0,2,2,0,0,PRT,Online TA,No Deposit,Transient,60.0,0,0,0,2
Resort Hotel,1,221,2017,April,16,2,5,2,0,0,FRA,Online TA,No Deposit,Transient,60.0,0,0,0,2
City Hotel,0,13,2015,September,30,0,3,2,0,0,FRA,Offline TA/TO,No Deposit,Transient,123.67,0,0,0,2
Resort Hotel,0,13,2016,October,17,1,1,1,0,0,PRT,Direct,No Deposit,Transient,41.4,0,0,0,0
City Hotel,0,55,2016,March,20,2,3,3,0,0,PRT,Online TA,No Deposit,Transient,124.1,0,0,0,2
Resort Hotel,0,1,2017,May,23,0,1,1,0,0,PRT,Online TA,No Deposit,Transient,67.5,1,0,0,2
City Hotel,1,46,2017,June,20,0,1,2,0,0,PRT,Groups,No Deposit,Transient-Party,90.0,0,0,0,0
City Hotel,0,66,2017,February,3,1,2,2,0,0,BEL,Online TA,No Deposit,Transient,79.2,0,0,0,1
City Hotel,1,205,2016,September,16,1,2,2,0,0,PRT,Groups,Non Refund,Transient,120.0,0,0,0,0
City Hotel,1,71,2016,June,14,0,3,1,0,0,PRT,Offline TA/TO,Non Refund,Transient,120.0,0,0,0,0
City Hotel,0,3,2017,February,22,0,3,2,3,0,NLD,Online TA,No Deposit,Transient,275.0,0,1,0,2
City Hotel,1,57,2017,April,21,0,2,2,0,0,CHE,Direct,No Deposit,Transient,225.0,0,0,0,0
City Hotel,0,25,2016,April,12,0,1,1,0,0,DEU,Direct,No Deposit,Transient,120.0,0,0,0,0
City Hotel,0,23,2016,August,3,0,2,2,0,0,USA,Online TA,No Deposit,Transient,151.0,0,0,0,1
Resort Hotel,0,209,2016,August,15,3,7,2,0,0,IRL,Online TA,No Deposit,Transient,99.02,0,0,0,2
City Hotel,1,34,2015,December,8,0,2,1,0,0,PRT,Offline TA/TO,Non Refund,Transient,90.0,0,0,0,0
Resort Hotel,1,43,2017,January,27,1,2,2,0,0,GBR,Online TA,No Deposit,Transient-Party,48.0,0,0,0,0
City Hotel,1,72,2016,April,3,2,1,1,0,0,GBR,Online TA,No Deposit,Transient,76.5,0,0,0,0
City Hotel,0,140,2016,July,2,1,1,2,2,0,USA,Online TA,No Deposit,Transient,88.77,0,0,0,1
City Hotel,1,74,2015,September,18,0,2,2,0,0,PRT,Offline TA/TO,Non Refund,Transient-Party,101.5,0,0,0,0
City Hotel,0,48,2017,February,22,0,2,1,0,0,ESP,Groups,No Deposit,Transient-Party,65.0,0,0,0,1
City Hotel,0,48,2017,February,3,2,6,1,0,0,ISR,Direct,No Deposit,Transient,77.0,0,1,0,3
City Hotel,1,180,2016,April,13,0,1,2,0,0,PRT,Offline TA/TO,Non Refund,Transient,125.0,0,0,0,0
City Hotel,1,181,2016,December,14,0,2,2,0,0,LUX,Online TA,No Deposit,Transient,124.2,0,0,0,0
Resort Hotel,0,225,2016,June,23,2,5,2,0,0,GBR,Offline TA/TO,No Deposit,Transient,79.84,0,1,0,0
City Hotel,1,102,2017,May,20,2,3,1,0,0,DEU,Online TA,No Deposit,Transient,138.6,0,0,0,0
City Hotel,1,105,2017,May,19,0,2,1,0,0,PRT,Offline TA/TO,Non Refund,Transient,160.0,0,0,0,0
City Hotel,0,153,2016,July,27,0,4,2,0,0,DEU,Online TA,No Deposit,Transient,91.38,0,0,0,1
City Hotel,1,150,2017,June,17,2,3,1,0,0,PRT,Offline TA/TO,Non Refund,Transient,120.0,0,0,0,0
City Hotel,1,40,2017,January,20,2,3,3,0,0,PRT,Online TA,No Deposit,Transient,70.4,0,0,0,0
Resort Hotel,1,163,2017,August,24,2,5,2,1,0,PRT,Online TA,No Deposit,Transient,188.03,0,0,0,0
City Hotel,1,19,2015,October,6,0,3,2,0,0,PRT,Offline TA/TO,Non Refund,Transient,90.0,1,0,0,0
City Hotel,0,39,2015,August,14,0,2,1,0,0,PRT,Offline TA/TO,No Deposit,Transient-Party,87.0,0,1,0,0
Resort Hotel,0,100,2017,April,29,2,1,2,0,0,PRT,Groups,No Deposit,Transient-Party,83.0,0,0,0,1
Resort Hotel,0,47,2015,September,22,0,3,2,0,0,IRL,Offline TA/TO,No Deposit,Contract,85.5,0,0,0,0
City Hotel,1,0,2015,December,28,1,2,2,0,0,FRA,Offline TA/TO,No Deposit,Transient,58.0,1,0,0,0
City Hotel,0,65,2016,December,17,2,1,2,0,0,GBR,Offline TA/TO,No Deposit,Transient,68.0,0,0,0,0
Resort Hotel,0,36,2016,December,27,0,1,2,0,0,USA,Direct,No Deposit,Transient,75.0,0,0,0,0
Resort Hotel,0,49,2016,March,15,0,5,2,0,0,DEU,Offline TA/TO,No Deposit,Transient,38.0,0,0,0,0
Resort Hotel,1,34,2017,August,4,1,2,3,0,0,PRT,Online TA,No Deposit,Transient,283.6,0,0,0,1
City Hotel,0,89,2016,August,29,1,1,1,0,0,IRL,Online TA,No Deposit,Transient,116.1,0,1,0,0
Resort Hotel,0,0,2016,February,23,0,2,1,0,0,PRT,Complementary,No Deposit,Transient,0.0,0,0,0,0
Resort Hotel,0,107,2016,June,1,2,4,2,0,0,IRL,Online TA,No Deposit,Transient,82.0,0,0,0,2
City Hotel,0,1,2016,June,28,0,1,1,0,1,NLD,Online TA,No Deposit,Transient,133.0,0,1,0,2
Resort Hotel,1,37,2016,April,29,2,5,2,0,0,PRT,Groups,Non Refund,Transient,46.0,0,0,0,0
Resort Hotel,0,4,2015,December,19,0,1,2,0,0,PRT,Online TA,No Deposit,Transient,98.0,0,0,0,2
City Hotel,1,114,2016,July,1,1,2,1,0,0,PRT,Offline TA/TO,Non Refund,Transient,75.0,0,0,0,0
City Hotel,0,27,2016,September,9,2,2,3,0,0,PRT,Online TA,No Deposit,Transient-Party,167.2,0,0,0,0
City Hotel,0,47,2015,August,18,0,2,1,0,0,DEU,Offline TA/TO,No Deposit,Transient-Party,100.0,0,0,0,1
City Hotel,1,23,2015,October,7,0,1,1,0,0,PRT,Direct,No Deposit,Transient,90.0,0,0,0,0
Resort Hotel,1,275,2015,October,4,2,0,2,0,0,PRT,Offline TA/TO,Non Refund,Transient,50.0,0,0,0,0
City Hotel,1,150,2016,January,2,2,1,2,0,0,PRT,Offline TA/TO,Non Refund,Transient,101.0,0,0,0,0
City Hotel,1,72,2016,October,31,2,5,3,0,0,ITA,Online TA,No Deposit,Transient,126.64,0,0,0,0
City Hotel,1,11,2016,April,24,2,2,2,2,0,FRA,Online TA,No Deposit,Transient,203.5,0,0,0,0
City Hotel,0,98,2017,May,15,1,1,2,0,0,AUS,Online TA,No Deposit,Transient,144.14,0,0,0,2
City Hotel,0,0,2017,January,30,0,0,0,0,0,PRT,Online TA,No Deposit,Transient,0.0,1,0,0,0
Resort Hotel,1,247,2015,October,9,1,2,2,0,0,ESP,Groups,Non Refund,Transient,81.0,0,0,0,0
City Hotel,0,36,2016,December,9,1,2,2,0,0,POL,Online TA,No Deposit,Transient,88.0,0,0,0,1
City Hotel,0,77,2016,October,7,1,2,2,0,0,GBR,Online TA,No Deposit,Transient,132.3,0,5,0,2
City Hotel,0,7,2016,February,26,0,2,2,0,0,DEU,Online TA,No Deposit,Transient,93.0,0,0,0,1
City Hotel,1,22,2017,April,29,2,1,2,0,0,RUS,Online TA,No Deposit,Transient,133.0,0,0,0,1
Resort Hotel,0,11,2016,February,26,1,2,3,0,0,ESP,Offline TA/TO,No Deposit,Transient,108.15,0,0,0,1
City Hotel,1,212,2016,May,20,2,3,2,0,0,PRT,Offline TA/TO,No Deposit,Transient-Party,78.0,0,0,0,0
City Hotel,1,92,2016,March,26,2,1,2,0,0,PRT,Offline TA/TO,Non Refund,Transient,100.0,0,0,0,0
Resort Hotel,0,272,2017,July,6,1,3,2,0,0,IRL,Offline TA/TO,No Deposit,Transient,135.9,0,0,0,2
City Hotel,1,239,2015,October,17,0,1,2,0,0,PRT,Groups,Non Refund,Transient,60.0,0,0,0,0
City Hotel,1,379,2015,October,31,1,1,2,0,0,PRT,Groups,Non Refund,Transient,62.0,0,0,0,0
City Hotel,1,30,2016,September,18,2,3,2,0,0,PRT,Corporate,No Deposit,Transient,170.63,0,0,0,1
City Hotel,0,6,2016,May,23,1,1,2,0,0,KOR,Online TA,No Deposit,Transient,119.0,0,0,0,2
City Hotel,1,67,2016,October,11,0,2,2,0,0,PRT,Direct,No Deposit,Transient-Party,99.71,0,0,0,0
City Hotel,1,129,2017,January,8,2,1,1,0,0,PRT,Groups,Non Refund,Transient,67.0,0,0,0,0
City Hotel,0,174,2016,August,2,0,2,3,0,1,ESP,Online TA,No Deposit,Transient,166.7,0,1,0,2
City Hotel,0,138,2017,July,28,0,2,2,0,0,CN,Online TA,No Deposit,Transient,130.5,0,0,0,0
Resort Hotel,0,0,2016,January,7,0,1,2,0,0,PRT,Direct,No Deposit,Transient,38.0,1,0,0,0
City Hotel,1,124,2016,December,26,1,3,2,1,0,FRA,Online TA,No Deposit,Transient,105.61,0,0,0,2
City Hotel,0,3,2015,December,14,1,0,1,0,0,ESP,Online TA,No Deposit,Transient,62.37,0,0,0,0
City Hotel,0,123,2015,November,6,1,2,2,0,0,FRA,Groups,No Deposit,Transient-Party,60.0,0,0,0,0
City Hotel,1,205,2016,September,16,1,2,2,0,0,PRT,Groups,Non Refund,Transient,120.0,0,0,0,0
City Hotel,1,9,2017,March,18,0,1,3,0,0,ESP,Online TA,No Deposit,Transient,168.0,0,0,0,0
Resort Hotel,1,4,2017,April,16,2,0,3,1,0,PRT,Direct,No Deposit,Transient,181.0,0,0,0,0
City Hotel,1,241,2017,March,9,0,3,2,0,0,DEU,Online TA,No Deposit,Transient,79.2,0,0,0,0
City Hotel,0,8,2016,October,30,2,1,2,0,0,ISR,Online TA,No Deposit,Transient,149.0,0,0,1,1
City Hotel,0,12,2015,August,31,1,2,1,0,0,AUS,Online TA,No Deposit,Contract,90.0,0,0,0,1
Resort Hotel,1,321,2017,May,28,2,5,2,0,0,BEL,Online TA,No Deposit,Transient,89.87,0,0,0,2
City Hotel,1,125,2017,April,20,0,3,2,0,0,PRT,Groups,Non Refund,Transient,85.0,0,0,0,0
Resort Hotel,1,87,2016,October,27,0,3,2,0,0,ESP,Online TA,No Deposit,Transient,58.0,0,0,0,0
Resort Hotel,0,0,2016,March,18,0,2,2,0,0,DEU,Online TA,No Deposit,Transient,58.0,0,0,0,0
Resort Hotel,0,220,2016,September,1,1,3,2,0,0,PRT,Online TA,No Deposit,Transient,102.0,0,2,1,1
City Hotel,1,82,2016,February,2,0,5,2,0,0,PRT,Groups,Non Refund,Transient,96.0,0,0,0,0
Resort Hotel,1,72,2016,June,17,0,2,2,2,0,PRT,Online TA,No Deposit,Transient,179.0,0,0,0,0
City Hotel,1,14,2016,May,8,2,3,3,0,0,TUR,Online TA,No Deposit,Transient,159.0,0,0,0,0
City Hotel,1,35,2016,December,29,2,6,2,0,0,ITA,Online TA,No Deposit,Transient,114.98,0,3,0,2
Resort Hotel,0,33,2017,May,23,0,1,3,1,0,IND,Online TA,No Deposit,Transient,180.0,0,1,0,1
Resort Hotel,1,25,2017,March,29,0,2,2,0,0,FRA,Online TA,No Deposit,Transient,65.0,0,0,0,2
Resort Hotel,0,327,2016,August,31,4,10,2,0,0,IRL,Offline TA/TO,No Deposit,Transient,117.48,0,1,0,2
City Hotel,0,26,2016,May,18,0,1,1,0,0,NLD,Online TA,No Deposit,Transient,120.12,0,0,0,1
City Hotel,1,379,2015,October,31,1,1,2,0,0,PRT,Groups,Non Refund,Transient,62.0,0,0,0,0
Resort Hotel,0,252,2017,April,22,2,6,2,0,0,GBR,Complementary,No Deposit,Transient-Party,0.0,1,4,0,1
Resort Hotel,0,126,2015,July,1,0,4,2,0,0,IRL,Offline TA/TO,No Deposit,Transient,62.5,0,0,0,0
City Hotel,0,207,2017,August,13,4,7,2,1,0,FRA,Online TA,No Deposit,Transient,141.46,0,0,0,2
Resort Hotel,1,152,2016,May,30,4,10,2,0,0,PRT,Offline TA/TO,No Deposit,Transient,56.72,0,0,0,0
City Hotel,0,71,2016,May,7,2,4,1,0,0,GBR,Online TA,No Deposit,Transient-Party,132.6,0,0,0,0
City Hotel,0,48,2016,February,27,2,1,2,0,0,POL,Online TA,No Deposit,Transient,86.3,0,0,0,1
City Hotel,0,8,2016,February,16,0,1,1,0,0,HUN,Online TA,No Deposit,Transient-Party,91.0,0,0,0,0
City Hotel,0,10,2016,August,5,0,2,2,1,1,PRT,Online TA,No Deposit,Transient,186.0,0,1,0,1
Resort Hotel,0,0,2016,June,12,1,0,2,0,0,DEU,Direct,No Deposit,Transient,131.0,0,0,1,0
Resort Hotel,0,0,2017,March,31,0,1,2,0,0,PRT,Direct,No Deposit,Transient,80.0,0,0,0,0
City Hotel,0,30,2017,June,6,0,2,1,0,0,FIN,Online TA,No Deposit,Transient,59.8,0,0,0,0
City Hotel,0,14,2016,July,8,0,1,2,0,0,ESP,Online TA,No Deposit,Transient,139.0,0,0,0,1
Resort Hotel,1,328,2015,October,6,2,5,6,0,0,PRT,Direct,No Deposit,Group,0.0,0,0,0,0
Resort Hotel,0,406,2016,August,29,3,9,2,0,0,GBR,Offline TA/TO,No Deposit,Contract,85.88,0,0,1,0
City Hotel,0,35,2016,November,28,1,1,1,0,0,ITA,Groups,No Deposit,Transient-Party,65.0,0,0,0,0
City Hotel,0,14,2017,July,19,0,1,1,0,0,MEX,Online TA,No Deposit,Transient,150.0,0,0,0,2
City Hotel,0,4,2016,November,14,1,0,1,0,0,POL,Groups,No Deposit,Transient,6.0,0,0,0,2
City Hotel,1,111,2017,April,13,0,3,2,0,0,ESP,Online TA,No Deposit,Transient,181.5,0,0,0,0
Resort Hotel,1,226,2016,June,25,2,5,2,0,0,PRT,Direct,No Deposit,Transient,118.15,0,0,0,0
Resort Hotel,0,117,2016,May,2,1,4,2,0,0,IRL,Online TA,No Deposit,Transient,52.2,0,0,0,1
City Hotel,0,134,2016,April,9,1,1,2,0,0,PRT,Groups,No Deposit,Transient-Party,90.0,0,0,0,1
City Hotel,0,15,2017,March,7,0,1,1,0,0,ESP,Online TA,No Deposit,Transient,106.2,0,1,0,0
City Hotel,1,62,2017,April,6,0,3,1,0,0,PRT,Groups,Non Refund,Transient,135.0,0,0,0,0
City Hotel,0,7,2016,April,21,0,3,2,0,0,ESP,Online TA,No Deposit,Transient,183.0,0,0,1,1
Resort Hotel,0,74,2017,April,30,2,0,1,0,0,GBR,Online TA,No Deposit,Transient,55.59,0,0,0,1
City Hotel,0,13,2016,October,9,2,1,2,0,0,CHE,Online TA,No Deposit,Transient,177.62,0,1,0,1
Resort Hotel,0,9,2016,May,15,1,0,2,0,0,GBR,Groups,Refundable,Group,76.0,0,0,1,0
Resort Hotel,0,10,2017,April,20,0,1,1,0,0,PRT,Corporate,No Deposit,Transient,45.0,1,0,0,0
Resort Hotel,0,61,2016,July,26,0,2,2,0,0,USA,Online TA,No Deposit,Transient,157.85,0,0,0,1
City Hotel,1,407,2017,May,6,2,1,2,0,0,PRT,Offline TA/TO,Non Refund,Transient,90.0,0,0,0,0
Resort Hotel,0,13,2015,August,21,2,4,2,0,0,PRT,Direct,No Deposit,Transient,236.0,0,0,0,0
Resort Hotel,0,60,2017,March,13,1,3,2,0,0,BRA,Online TA,No Deposit,Transient,105.25,0,1,1,2
City Hotel,1,12,2015,July,18,2,2,2,0,0,PRT,Groups,No Deposit,Transient-Party,62.0,0,0,0,0
City Hotel,0,55,2015,September,6,2,0,2,0,0,ESP,Groups,No Deposit,Transient-Party,75.0,0,0,0,0
Resort Hotel,0,2,2016,March,10,0,1,1,0,0,PRT,Direct,No Deposit,Transient,40.0,0,0,0,0
Resort Hotel,1,113,2017,January,8,1,0,2,0,0,BRA,Online TA,No Deposit,Transient,42.0,0,0,0,0
City Hotel,0,308,2016,November,23,0,3,1,0,0,NOR,Online TA,No Deposit,Transient-Party,78.3,0,1,0,2
Resort Hotel,0,6,2015,December,27,2,2,2,0,0,PRT,Direct,No Deposit,Transient,106.0,0,0,0,0
Resort Hotel,0,468,2016,May,12,0,2,2,0,0,PRT,Groups,No Deposit,Transient-Party,67.0,0,0,0,0
Resort Hotel,1,143,2017,August,6,2,1,2,0,0,MAR,Online TA,No Deposit,Transient,220.0,0,1,0,0
Resort Hotel,0,88,2015,July,13,3,5,2,0,0,FIN,Offline TA/TO,No Deposit,Contract,96.3,0,0,0,0
City Hotel,0,42,2016,March,25,1,2,2,0,0,BRA,Offline TA/TO,No Deposit,Transient,62.8,0,1,0,0
City Hotel,0,50,2016,March,30,0,2,3,0,0,BRA,Online TA,No Deposit,Transient,123.3,0,0,0,2
City Hotel,1,85,2017,April,9,2,4,2,0,0,DEU,Online TA,No Deposit,Transient,120.0,0,0,0,0
City Hotel,1,123,2017,May,1,1,4,1,0,0,PRT,Online TA,No Deposit,Transient,139.5,0,0,0,1
City Hotel,0,457,2017,August,25,0,2,2,0,0,DEU,Offline TA/TO,No Deposit,Transient-Party,122.4,0,1,0,1
Resort Hotel,1,3,2017,July,11,0,1,2,2,0,PRT,Online TA,No Deposit,Transient,145.0,0,0,0,1
City Hotel,1,120,2017,May,11,0,1,1,0,0,GBR,Online TA,No Deposit,Transient,108.0,0,0,0,0
City Hotel,0,66,2016,July,11,1,2,2,0,0,GBR,Offline TA/TO,No Deposit,Transient,72.25,0,0,0,0
City Hotel,0,159,2017,August,22,0,4,2,0,0,ISR,Online TA,No Deposit,Transient,104.4,0,1,0,0
Resort Hotel,0,3,2016,February,27,0,1,2,0,0,ESP,Online TA,No Deposit,Transient,95.0,0,0,0,2
City Hotel,0,109,2015,December,28,1,3,2,0,0,FRA,Offline TA/TO,No Deposit,Transient,43.5,0,0,0,2
Resort Hotel,0,44,2015,November,22,2,0,2,0,0,FRA,Online TA,No Deposit,Transient,36.45,0,0,0,0
City Hotel,0,126,2016,July,8,0,1,2,0,0,GBR,Online TA,No Deposit,Transient,123.3,0,0,1,1
Resort Hotel,1,277,2016,June,12,2,2,2,0,0,PRT,Groups,Non Refund,Transient,110.0,0,0,0,0
Resort Hotel,1,15,2016,July,18,1,3,1,0,0,PRT,Online TA,No Deposit,Transient,194.0,0,0,0,0
Resort Hotel,0,190,2016,April,10,2,5,1,0,0,GBR,Groups,No Deposit,Transient-Party,47.9,0,0,0,0
City Hotel,1,33,2016,September,2,2,2,2,2,0,ISR,Online TA,No Deposit,Transient,181.8,0,0,0,1
Resort Hotel,0,28,2015,August,28,2,5,2,0,0,ESP,Online TA,No Deposit,Transient,166.14,0,0,0,0
City Hotel,0,82,2017,May,31,0,3,2,0,0,NLD,Online TA,No Deposit,Transient-Party,189.0,0,2,0,2
City Hotel,1,35,2016,November,28,1,1,2,0,0,PRT,Groups,No Deposit,Transient-Party,75.0,0,2,0,0
Resort Hotel,0,1,2017,May,23,0,1,2,0,0,ESP,Direct,No Deposit,Transient,97.0,0,0,1,1
City Hotel,0,2,2015,October,21,0,1,2,0,0,PRT,Complementary,No Deposit,Transient,0.0,1,0,0,1
Resort Hotel,0,61,2017,May,26,1,2,2,0,0,IRL,Online TA,No Deposit,Transient,68.0,0,0,0,1
Resort Hotel,0,156,2017,May,8,2,5,2,0,0,IRL,Groups,No Deposit,Transient-Party,80.0,0,4,0,1
Resort Hotel,1,342,2017,February,16,2,8,2,0,0,NLD,Online TA,No Deposit,Transient,60.0,0,0,0,0
City Hotel,1,104,2017,April,7,1,2,2,1,0,DEU,Online TA,No Deposit,Transient,135.0,0,1,0,1
City Hotel,0,17,2015,September,10,0,2,2,0,0,USA,Online TA,No Deposit,Transient,73.92,0,0,0,0
City Hotel,1,235,2017,May,26,1,2,2,0,0,GBR,Online TA,No Deposit,Transient,142.1,0,0,0,1
City Hotel,1,192,2016,October,21,0,2,2,0,0,PRT,Groups,No Deposit,Transient-Party,95.0,0,0,0,0
City Hotel,0,137,2017,May,21,2,2,3,0,0,GBR,Online TA,No Deposit,Transient,165.75,0,0,0,1
City Hotel,0,219,2016,August,20,1,1,2,0,0,ITA,Groups,No Deposit,Transient-Party,96.0,0,0,0,0
City Hotel,1,5,2016,July,12,0,3,3,0,0,ITA,Online TA,No Deposit,Transient,187.0,0,0,0,1
City Hotel,0,19,2016,June,22,0,2,1,0,0,PRT,Corporate,No Deposit,Transient-Party,90.0,0,0,0,0
City Hotel,0,26,2016,October,3,1,3,2,0,0,GBR,Online TA,No Deposit,Transient,103.76,0,0,0,1
Resort Hotel,1,93,2017,February,17,1,2,2,0,0,ESP,Online TA,No Deposit,Transient,82.0,0,0,0,1
City Hotel,0,55,2016,August,29,3,8,2,0,0,FRA,Online TA,No Deposit,Transient,126.0,0,0,0,0
Resort Hotel,0,9,2016,May,15,1,0,3,0,0,PRT,Groups,Refundable,Transient-Party,99.0,1,1,0,1
City Hotel,0,15,2016,March,5,2,1,2,0,0,ITA,Online TA,No Deposit,Transient-Party,84.33,0,0,0,0
Resort Hotel,1,82,2016,February,7,2,0,2,0,0,PRT,Groups,No Deposit,Transient-Party,86.0,1,0,0,0
City Hotel,1,195,2017,July,20,2,6,2,0,0,AUT,Online TA,No Deposit,Transient,126.14,0,2,0,0
City Hotel,1,245,2016,July,6,2,4,1,0,0,PRT,Offline TA/TO,Non Refund,Transient,110.0,0,0,0,0
Resort Hotel,0,17,2016,July,28,1,3,2,0,0,PRT,Online TA,No Deposit,Transient,236.0,0,0,0,1
Resort Hotel,0,0,2017,March,18,1,1,2,0,0,GBR,Online TA,No Deposit,Transient,85.0,0,0,1,1
Resort Hotel,0,215,2016,May,30,2,5,2,0,0,IRL,Online TA,No Deposit,Transient,68.06,0,0,0,1
City Hotel,0,41,2015,December,21,1,2,2,0,0,UKR,Online TA,No Deposit,Transient,87.0,0,1,0,2
City Hotel,0,55,2016,September,28,0,2,3,0,0,FRA,Online TA,No Deposit,Transient,168.3,0,0,0,2
City Hotel,0,117,2016,April,29,2,2,2,0,0,BGR,Online TA,No Deposit,Transient,95.2,0,0,0,1
Resort Hotel,1,173,2017,July,25,0,5,1,2,0,PRT,Online TA,No Deposit,Transient,212.16,0,0,0,1
Resort Hotel,1,82,2016,December,2,0,2,2,0,0,PRT,Online TA,No Deposit,Transient,85.5,0,0,0,2
City Hotel,0,174,2017,July,15,2,3,3,0,0,FRA,Online TA,No Deposit,Transient-Party,89.1,0,0,0,2
City Hotel,1,28,2016,October,13,0,1,1,0,0,GBR,Groups,No Deposit,Transient-Party,120.0,0,0,0,0
Resort Hotel,0,312,2017,March,5,2,5,1,0,0,DEU,Groups,No Deposit,Transient-Party,58.0,0,1,0,0
Resort Hotel,0,129,2016,October,3,1,3,2,1,0,CN,Offline TA/TO,No Deposit,Transient,59.0,0,0,0,0
Resort Hotel,0,40,2016,December,1,2,5,2,0,0,FRA,Offline TA/TO,No Deposit,Transient,64.0,0,0,0,0
City Hotel,0,5,2015,November,17,0,2,2,0,0,ESP,Offline TA/TO,No Deposit,Contract,86.6,0,0,0,1
City Hotel,0,1,2015,August,9,2,0,2,2,0,PRT,Online TA,No Deposit,Transient,153.0,0,0,0,1
Resort Hotel,0,2,2017,February,6,1,3,2,0,0,GBR,Online TA,No Deposit,Transient,39.5,0,0,0,1
City Hotel,1,66,2015,December,29,0,5,2,2,0,PRT,Online TA,No Deposit,Transient,170.9,0,0,0,1
Resort Hotel,0,181,2016,October,29,2,5,2,0,0,IRL,Online TA,No Deposit,Transient,74.49,0,1,0,0
City Hotel,0,1,2015,November,5,0,2,1,0,0,PRT,Complementary,No Deposit,Transient,0.0,0,0,0,0
City Hotel,0,132,2016,July,3,2,0,1,0,0,GBR,Online TA,No Deposit,Transient-Party,90.9,0,1,0,1
City Hotel,0,200,2017,July,26,0,1,3,0,0,BEL,Online TA,No Deposit,Transient,175.5,0,2,0,1
City Hotel,1,128,2016,October,29,2,1,3,0,0,ITA,Online TA,No Deposit,Transient,123.3,0,0,0,1
City Hotel,0,118,2017,August,21,1,1,1,0,0,NOR,Offline TA/TO,No Deposit,Transient-Party,115.0,0,0,0,0
City Hotel,0,86,2017,May,2,0,4,1,0,0,CAF,Online TA,No Deposit,Transient,72.42,0,0,0,1
City Hotel,1,151,2016,June,27,1,0,2,0,0,PRT,Offline TA/TO,Non Refund,Transient,200.0,0,0,0,0
Resort Hotel,0,35,2017,May,13,2,3,2,0,0,GBR,Online TA,No Deposit,Transient,119.0,0,0,0,1
City Hotel,1,113,2017,March,14,0,2,2,0,0,PRT,Offline TA/TO,Non Refund,Transient,85.0,0,0,0,0
Resort Hotel,0,0,2017,February,2,0,1,1,0,0,PRT,Online TA,No Deposit,Transient,43.0,1,0,0,1
City Hotel,0,11,2015,December,5,2,2,2,0,0,PRT,Groups,No Deposit,Transient-Party,104.0,0,0,0,0
City Hotel,1,27,2015,July,27,1,1,2,0,0,PRT,Groups,Non Refund,Transient-Party,62.0,0,0,0,0
City Hotel,0,151,2016,July,5,1,5,3,0,0,PRT,Online TA,No Deposit,Transient,137.13,0,0,0,1
City Hotel,1,27,2017,April,29,1,1,2,0,0,PRT,Online TA,No Deposit,Transient,115.0,0,0,0,2
Resort Hotel,0,120,2015,October,22,1,3,2,0,0,GBR,Online TA,No Deposit,Transient,40.5,0,0,0,0
City Hotel,0,21,2015,December,25,2,3,2,0,0,PRT,Offline TA/TO,No Deposit,Transient-Party,58.0,0,0,0,1
City Hotel,0,140,2015,November,18,0,4,2,0,0,PRT,Groups,No Deposit,Transient-Party,75.0,0,3,0,0
Resort Hotel,1,147,2016,July,8,2,5,2,0,0,PRT,Direct,No Deposit,Transient,146.1,0,0,0,0
Resort Hotel,1,244,2017,June,3,4,10,3,1,0,GBR,Online TA,No Deposit,Transient,212.0,0,0,0,0
Resort Hotel,0,21,2017,February,22,0,4,2,0,0,GBR,Corporate,No Deposit,Transient-Party,42.0,0,0,0,0
City Hotel,0,47,2016,January,30,2,2,2,0,0,BEL,Online TA,No Deposit,Transient,55.24,0,0,0,0
City Hotel,1,61,2016,May,7,2,1,3,0,0,FRA,Online TA,No Deposit,Transient,159.3,0,0,0,0
Resort Hotel,0,4,2016,November,26,2,1,1,0,0,FRA,Online TA,No Deposit,Transient,43.0,0,0,0,1
City Hotel,1,192,2016,May,12,0,3,2,0,0,PRT,Offline TA/TO,Non Refund,Transient,135.0,0,0,0,0
City Hotel,1,186,2017,August,20,2,2,2,0,0,FRA,Online TA,No Deposit,Transient,99.0,0,0,0,1
Resort Hotel,0,41,2016,March,20,2,2,1,2,0,FIN,Offline TA/TO,No Deposit,Transient,46.4,0,1,0,0
City Hotel,1,283,2015,July,27,1,1,2,0,0,PRT,Groups,Non Refund,Transient-Party,62.0,0,0,0,0
City Hotel,1,437,2016,May,2,1,2,2,0,0,PRT,Groups,Non Refund,Transient,60.0,0,0,0,0
Resort Hotel,0,38,2017,June,9,1,2,2,0,0,PRT,Online TA,No Deposit,Transient,0.0,0,0,0,1
City Hotel,1,155,2017,July,17,1,2,2,0,0,ITA,Online TA,No Deposit,Transient,89.1,0,0,0,0
City Hotel,1,351,2016,June,23,0,2,2,0,0,PRT,Groups,Non Refund,Transient,62.0,0,0,0,0
Resort Hotel,0,136,2016,October,24,1,5,2,0,0,ESP,Online TA,No Deposit,Transient,115.0,0,0,0,0
City Hotel,1,353,2015,October,5,1,1,2,0,0,PRT,Groups,Non Refund,Contract,62.0,0,0,0,0
City Hotel,0,85,2016,June,4,1,1,2,0,0,AUT,Online TA,No Deposit,Transient,131.4,0,0,0,1
City Hotel,1,283,2015,July,27,1,1,2,0,0,PRT,Groups,Non Refund,Contract,62.0,0,0,0,0
Resort Hotel,0,8,2016,January,13,0,1,1,0,0,PRT,Corporate,No Deposit,Transient,30.0,0,0,0,0
City Hotel,1,90,2017,June,4,2,1,2,0,0,CN,Online TA,No Deposit,Transient,149.33,0,0,0,0
City Hotel,1,531,2016,December,22,0,2,2,0,0,PRT,Groups,Non Refund,Transient,62.8,0,0,0,0
City Hotel,1,239,2016,June,15,0,2,2,0,0,PRT,Offline TA/TO,Non Refund,Transient,112.2,0,0,0,0
City Hotel,1,101,2016,June,27,1,5,1,0,0,PRT,Groups,Non Refund,Transient,140.0,0,0,0,0
City Hotel,0,1,2015,November,3,0,3,2,0,0,FRA,Offline TA/TO,No Deposit,Transient,80.0,0,0,0,0
City Hotel,0,237,2017,July,5,0,4,1,0,0,GBR,Online TA,No Deposit,Transient,61.68,0,0,0,1
City Hotel,1,79,2016,May,16,1,3,3,0,0,DEU,Online TA,No Deposit,Transient,150.45,0,0,0,0
City Hotel,1,38,2017,January,14,0,1,1,0,0,PRT,Corporate,Non Refund,Transient,75.0,0,0,0,0
City Hotel,0,160,2016,June,17,1,2,2,0,0,PRT,Online TA,No Deposit,Transient-Party,129.0,0,0,0,1
Resort Hotel,1,69,2016,March,24,1,3,2,0,0,PRT,Offline TA/TO,No Deposit,Transient,49.22,0,0,0,0
City Hotel,0,1,2016,February,27,2,1,2,0,0,FRA,Online TA,No Deposit,Transient,108.0,0,0,0,1
City Hotel,1,114,2016,July,1,1,2,1,0,0,PRT,Offline TA/TO,Non Refund,Transient,75.0,0,0,0,0
City Hotel,1,67,2017,June,16,2,2,2,2,0,ITA,Online TA,No Deposit,Transient,250.0,0,0,0,0
City Hotel,1,118,2016,October,25,0,3,2,0,0,BRA,Online TA,No Deposit,Transient,80.1,0,0,0,2
City Hotel,0,0,2017,July,11,0,1,2,0,0,CHN,Direct,No Deposit,Transient,165.0,0,0,0,0
City Hotel,0,9,2016,April,29,0,2,2,0,0,PRT,Groups,No Deposit,Transient-Party,110.0,0,0,0,0
City Hotel,0,38,2017,March,26,2,2,2,0,0,AUT,Online TA,No Deposit,Transient,71.82,0,0,0,0
City Hotel,1,72,2016,December,26,1,3,2,2,0,DEU,Online TA,No Deposit,Transient,156.61,0,0,0,0
Resort Hotel,0,16,2016,May,22,2,1,1,0,0,PRT,Direct,No Deposit,Transient,70.0,0,1,0,0
Resort Hotel,1,116,2017,May,11,0,3,2,0,0,IRL,Online TA,No Deposit,Transient-Party,100.0,0,0,0,0
City Hotel,1,125,2017,June,29,0,3,2,0,0,USA,Direct,No Deposit,Transient,118.2,0,0,0,0
City Hotel,0,43,2015,July,3,0,2,1,0,0,PRT,Groups,No Deposit,Transient-Party,63.0,0,1,0,0
City Hotel,0,32,2016,September,2,1,2,2,0,0,DEU,Online TA,No Deposit,Transient,94.94,0,0,0,1
City Hotel,0,34,2017,July,3,1,0,2,0,0,CN,Direct,No Deposit,Transient,98.1,0,0,0,3
City Hotel,0,110,2016,March,20,2,1,2,0,0,FRA,Offline TA/TO,No Deposit,Transient,58.0,0,0,0,0
City Hotel,0,0,2016,March,3,0,1,1,0,0,LBY,Groups,No Deposit,Transient,89.0,0,0,0,0
City Hotel,0,41,2016,December,27,2,5,3,0,0,BRA,Offline TA/TO,No Deposit,Transient-Party,89.29,0,2,0,0
City Hotel,0,32,2015,November,20,0,2,2,0,0,PRT,Offline TA/TO,No Deposit,Transient-Party,85.0,0,3,0,0
City Hotel,0,239,2017,July,18,0,4,2,0,0,PRT,Online TA,No Deposit,Transient,107.1,0,0,0,2
City Hotel,1,13,2017,July,11,0,2,2,1,0,DEU,Online TA,No Deposit,Transient,160.0,0,0,0,0
City Hotel,0,13,2017,June,13,0,4,2,0,0,AUS,Groups,No Deposit,Transient-Party,90.0,0,3,0,1
City Hotel,1,104,2015,October,6,0,2,2,0,0,PRT,Offline TA/TO,No Deposit,Transient-Party,114.0,0,1,0,1
Resort Hotel,0,54,2016,January,9,2,2,2,0,0,GBR,Offline TA/TO,No Deposit,Transient,49.4,0,3,0,0
City Hotel,0,138,2017,July,21,0,1,2,0,0,DEU,Online TA,No Deposit,Transient,108.0,0,0,0,0
Resort Hotel,0,172,2016,August,6,2,4,2,0,0,ESP,Online TA,No Deposit,Transient,174.0,0,0,0,1
City Hotel,0,117,2016,May,5,0,3,2,0,0,HRV,Online TA,No Deposit,Transient-Party,105.3,0,1,0,1
City Hotel,1,99,2016,February,19,0,1,2,0,0,PRT,Corporate,No Deposit,Transient-Party,80.0,0,0,0,0
City Hotel,0,50,2016,November,17,0,1,2,0,0,BRA,Online TA,No Deposit,Transient,79.2,0,0,0,1
City Hotel,0,9,2017,July,5,0,1,1,0,0,TWN,Online TA,No Deposit,Transient,160.0,0,2,0,1
City Hotel,1,162,2017,August,13,2,2,3,0,0,FRA,Online TA,No Deposit,Transient,175.5,0,0,0,0
Resort Hotel,0,7,2016,November,21,1,1,1,0,0,PRT,Corporate,No Deposit,Transient,33.0,1,0,1,0
City Hotel,0,1,2016,July,26,0,1,1,0,0,PRT,Corporate,No Deposit,Transient,84.0,0,0,0,0
Resort Hotel,0,6,2016,September,20,0,1,1,0,0,PRT,Online TA,No Deposit,Transient,106.0,0,0,0,1
City Hotel,1,9,2016,June,12,2,1,2,0,0,ESP,Online TA,No Deposit,Transient,123.33,0,0,0,0
Resort Hotel,0,18,2016,October,11,0,1,1,0,0,GBR,Direct,No Deposit,Transient,59.5,0,0,0,0
Resort Hotel,1,238,2017,February,10,0,2,1,0,0,PRT,Groups,Non Refund,Transient,47.0,0,0,0,0
City Hotel,0,60,2017,July,25,0,4,2,0,0,BRA,Online TA,No Deposit,Transient,120.0,0,0,0,0
Resort Hotel,0,46,2015,December,5,1,1,2,0,0,PRT,Direct,No Deposit,Transient,46.0,0,0,0,1
Resort Hotel,0,112,2015,December,30,0,3,2,0,0,PRT,Groups,No Deposit,Transient-Party,224.67,0,0,0,0
Resort Hotel,0,185,2015,September,21,1,1,2,0,0,FRA,Groups,No Deposit,Transient-Party,90.0,0,0,0,0
Resort Hotel,0,342,2016,September,29,2,4,1,0,0,IRL,Groups,No Deposit,Transient-Party,36.0,0,0,0,0
City Hotel,1,276,2016,September,22,0,3,2,0,0,PRT,Offline TA/TO,No Deposit,Transient-Party,95.0,0,0,0,0
City Hotel,0,119,2017,August,21,1,3,2,0,0,BRA,Direct,No Deposit,Transient,90.7,0,2,0,2
City Hotel,0,212,2017,June,9,0,2,2,0,0,GBR,Online TA,No Deposit,Transient,99.0,0,0,0,1
City Hotel,0,40,2016,March,13,2,1,2,0,0,FRA,Offline TA/TO,No Deposit,Transient,85.0,0,0,0,0
City Hotel,1,292,2015,August,5,0,2,2,0,0,PRT,Groups,Non Refund,Transient-Party,62.0,0,0,0,0
City Hotel,0,42,2017,June,12,1,4,2,0,0,DEU,Online TA,No Deposit,Transient,234.0,0,1,0,0
Resort Hotel,1,226,2015,September,23,0,1,2,0,0,PRT,Offline TA/TO,No Deposit,Transient,55.8,0,0,0,0
Resort Hotel,0,3,2017,August,17,1,3,2,0,0,GBR,Online TA,No Deposit,Transient,271.0,0,0,0,2
City Hotel,0,30,2017,February,22,0,2,1,0,0,NLD,Online TA,No Deposit,Transient,94.0,0,0,0,1
Resort Hotel,0,215,2017,August,8,2,8,2,0,0,DEU,Offline TA/TO,No Deposit,Transient,116.5,0,0,0,1
City Hotel,0,35,2016,October,28,1,2,2,0,0,TUR,Online TA,No Deposit,Transient,129.0,0,0,0,1
Resort Hotel,0,33,2015,November,12,0,3,1,0,0,FRA,Corporate,No Deposit,Transient-Party,40.0,0,2,0,0
City Hotel,0,75,2016,May,22,2,2,3,0,0,SGP,Online TA,No Deposit,Transient,115.85,0,1,0,2
City Hotel,1,14,2016,April,7,0,3,2,0,0,ESP,Online TA,No Deposit,Transient,126.0,0,0,0,0
Resort Hotel,1,82,2017,January,29,2,5,2,0,0,FRA,Online TA,No Deposit,Transient,72.0,0,0,0,0
City Hotel,0,27,2017,April,28,1,2,1,0,0,AUT,Online TA,No Deposit,Transient,115.0,0,0,0,2
City Hotel,1,97,2017,June,20,0,4,2,0,0,GBR,Online TA,No Deposit,Transient,126.0,0,0,0,2
City Hotel,1,213,2016,June,7,0,3,2,0,0,PRT,Offline TA/TO,Non Refund,Transient,130.0,0,0,0,0
Resort Hotel,1,1,2016,November,14,1,1,1,0,0,PRT,Online TA,No Deposit,Transient,60.0,0,0,0,1
City Hotel,0,10,2017,January,13,1,2,2,0,0,USA,Online TA,No Deposit,Transient,85.29,0,0,0,0
City Hotel,0,8,2015,November,26,0,1,1,0,0,ITA,Online TA,No Deposit,Transient,62.37,0,0,0,0
City Hotel,1,215,2017,June,28,0,4,2,0,0,PRT,Groups,Non Refund,Transient,110.0,0,0,0,0
Resort Hotel,1,28,2016,February,29,3,7,2,0,0,PRT,Online TA,No Deposit,Transient,55.2,0,0,0,1
City Hotel,1,22,2017,May,10,2,6,1,0,0,FRA,Online TA,No Deposit,Transient,186.25,0,0,0,0
City Hotel,1,489,2016,November,10,0,2,2,0,0,PRT,Groups,Non Refund,Transient,62.8,0,0,0,0
Resort Hotel,0,17,2016,October,10,0,0,1,0,0,PRT,Groups,No Deposit,Transient-Party,0.0,0,0,0,0
City Hotel,1,8,2016,April,21,0,1,2,0,0,GBR,Online TA,No Deposit,Transient,146.0,0,0,0,0
City Hotel,1,126,2016,May,15,2,2,2,0,0,CHE,Online TA,No Deposit,Transient,89.25,0,0,0,0
Resort Hotel,0,6,2015,August,31,1,2,2,0,0,ESP,Online TA,No Deposit,Transient,120.33,0,0,0,1
City Hotel,1,188,2016,June,15,0,2,1,0,0,PRT,Offline TA/TO,Non Refund,Transient,130.0,0,0,0,0
City Hotel,1,338,2016,October,7,1,2,2,0,0,PRT,Offline TA/TO,No Deposit,Transient-Party,80.0,0,0,0,0
City Hotel,0,0,2016,May,17,0,0,1,0,0,PRT,Offline TA/TO,No Deposit,Transient,0.0,1,0,0,0
City Hotel,0,50,2016,January,24,2,3,2,0,0,BEL,Online TA,No Deposit,Transient,75.95,0,0,0,1
City Hotel,0,63,2016,April,13,0,4,2,2,0,FRA,Online TA,No Deposit,Transient,167.45,0,0,0,1
City Hotel,0,19,2016,January,1,0,2,1,0,0,ESP,Online TA,No Deposit,Transient,107.0,0,0,0,1
City Hotel,0,0,2016,May,17,0,1,2,0,0,PRT,Online TA,No Deposit,Transient,95.94,0,0,0,0
Resort Hotel,0,24,2016,May,7,2,5,2,0,0,DEU,Groups,No Deposit,Transient-Party,85.0,0,0,0,0
City Hotel,0,38,2016,December,10,2,1,2,2,0,PHL,Direct,No Deposit,Transient,143.0,0,0,0,0
City Hotel,0,281,2016,October,3,1,3,3,0,0,DEU,Online TA,No Deposit,Transient-Party,126.3,0,7,0,0
City Hotel,1,24,2016,February,6,2,1,1,0,0,LUX,Online TA,No Deposit,Transient,85.0,0,0,0,0
Resort Hotel,1,26,2016,May,26,0,3,4,0,0,PRT,Direct,No Deposit,Transient,175.0,0,0,0,0
City Hotel,1,158,2016,May,24,0,2,1,0,0,PRT,Groups,Non Refund,Transient,130.0,0,0,0,0
City Hotel,1,50,2016,January,29,1,2,1,0,0,TUR,Online TA,No Deposit,Transient,72.9,0,0,0,0
City Hotel,0,130,2017,June,15,0,3,2,0,0,DEU,Online TA,No Deposit,Transient,108.0,0,0,0,0
City Hotel,0,27,2017,June,12,1,3,2,0,0,FRA,Online TA,No Deposit,Transient,181.75,0,1,0,1
Resort Hotel,0,42,2016,October,23,2,2,2,0,0,GBR,Online TA,No Deposit,Transient,88.0,0,0,0,2
City Hotel,0,49,2017,March,30,0,1,1,0,0,GBR,Online TA,No Deposit,Transient,79.2,0,0,0,0
Resort Hotel,0,7,2017,May,4,0,3,2,0,0,PRT,Direct,No Deposit,Transient,73.33,0,0,0,1
City Hotel,0,1,2017,June,13,0,1,2,0,0,AGO,Direct,No Deposit,Transient,170.0,0,1,0,0
City Hotel,0,48,2016,October,31,1,2,2,0,0,FRA,Online TA,No Deposit,Transient,94.97,0,0,0,1
City Hotel,0,134,2017,February,25,0,1,1,0,0,PRT,Groups,No Deposit,Transient-Party,75.0,0,0,0,0
Resort Hotel,1,116,2016,April,4,2,5,2,0,0,GBR,Groups,Non Refund,Transient,72.0,0,0,0,0
City Hotel,1,248,2017,February,14,0,5,1,0,0,PRT,Online TA,No Deposit,Transient,80.75,0,0,0,0
City Hotel,1,129,2017,April,3,1,1,2,0,0,PRT,Groups,Non Refund,Transient,100.0,0,0,0,0
Resort Hotel,0,82,2016,December,7,0,4,2,0,0,ESP,Groups,No Deposit,Transient-Party,33.3,0,1,0,0
City Hotel,0,23,2015,September,30,0,4,2,0,0,SWE,Online TA,No Deposit,Transient,116.03,0,0,0,1
City Hotel,0,377,2016,October,14,0,2,2,0,0,DEU,Offline TA/TO,No Deposit,Transient-Party,115.0,0,0,0,1
City Hotel,1,118,2016,June,26,2,5,2,0,0,FRA,Online TA,No Deposit,Transient,95.81,0,0,0,0
City Hotel,0,147,2017,May,23,0,5,2,0,0,SWE,Online TA,No Deposit,Transient,162.0,0,0,0,1
Resort Hotel,0,104,2017,July,11,1,5,2,0,0,DEU,Online TA,No Deposit,Transient,203.0,0,0,0,1
Resort Hotel,0,289,2015,November,20,1,2,2,0,0,GIB,Groups,No Deposit,Transient-Party,57.0,0,0,0,0
City Hotel,1,41,2016,September,14,0,2,2,0,0,PRT,Groups,No Deposit,Transient-Party,130.0,0,0,0,0
Resort Hotel,1,72,2016,October,28,2,4,2,1,0,BEL,Online TA,No Deposit,Transient,84.4,0,2,0,2
City Hotel,1,2,2017,February,6,1,2,1,0,0,PRT,Direct,No Deposit,Transient,45.9,0,0,0,0
City Hotel,1,39,2017,February,6,1,3,2,0,0,BEL,Online TA,No Deposit,Transient,74.8,0,0,0,0
City Hotel,0,1,2017,May,10,0,1,2,0,0,PRT,Online TA,No Deposit,Transient,150.0,0,0,0,0
Resort Hotel,0,53,2016,February,26,2,7,2,0,0,GBR,Offline TA/TO,No Deposit,Transient,26.1,0,0,0,1
City Hotel,0,1,2015,August,11,3,10,2,0,0,MOZ,Online TA,No Deposit,Transient,106.54,0,0,0,0
City Hotel,1,37,2016,October,13,0,3,2,0,0,PRT,Offline TA/TO,No Deposit,Transient-Party,105.0,0,0,0,0
City Hotel,0,226,2016,July,22,0,2,1,0,0,USA,Groups,No Deposit,Transient-Party,64.25,0,0,0,0
Resort Hotel,0,24,2017,April,27,0,2,1,0,0,CHE,Online TA,No Deposit,Transient,83.0,0,0,1,1
City Hotel,0,41,2016,August,31,1,4,2,0,0,FRA,Online TA,No Deposit,Transient,123.3,0,0,0,2
City Hotel,1,192,2016,May,12,0,3,2,0,0,PRT,Offline TA/TO,Non Refund,Transient,135.0,0,0,0,0
City Hotel,1,42,2016,November,29,0,3,2,0,0,PRT,Groups,Non Refund,Transient,90.0,0,0,0,0
City Hotel,1,129,2017,April,3,1,1,2,0,0,PRT,Groups,Non Refund,Transient,100.0,0,0,0,0
City Hotel,1,131,2016,August,22,1,3,2,0,0,PRT,Online TA,No Deposit,Transient,92.25,0,0,0,0
City Hotel,1,496,2016,November,17,0,1,1,0,0,PRT,Groups,Non Refund,Transient,51.4,0,0,0,0
Resort Hotel,0,140,2015,September,10,2,5,2,0,0,DEU,Offline TA/TO,No Deposit,Transient,85.0,0,0,0,0
Resort Hotel,0,100,2015,August,17,1,3,2,0,0,PRT,Offline TA/TO,No Deposit,Transient,107.0,0,0,0,0
City Hotel,1,538,2016,December,29,0,2,2,0,0,PRT,Groups,Non Refund,Transient,62.8,0,0,0,0
City Hotel,0,335,2016,October,13,0,3,1,0,0,FRA,Offline TA/TO,No Deposit,Transient-Party,80.0,0,0,0,0
City Hotel,0,159,2016,September,19,1,2,2,0,0,BRA,Offline TA/TO,No Deposit,Transient-Party,144.0,0,0,0,0
Resort Hotel,0,327,2016,September,14,0,4,2,0,0,IRL,Groups,No Deposit,Transient-Party,61.4,0,1,0,0
City Hotel,1,179,2016,August,15,1,5,3,0,0,ESP,Online TA,No Deposit,Transient,179.92,0,1,0,0
Resort Hotel,1,216,2015,October,5,2,5,2,0,0,PRT,Offline TA/TO,No Deposit,Transient,57.6,0,0,0,0
Resort Hotel,0,0,2017,May,14,1,0,2,0,0,PRT,Online TA,No Deposit,Transient,75.0,0,0,0,2
Resort Hotel,0,35,2016,December,25,2,1,2,0,0,DEU,Online TA,No Deposit,Transient-Party,60.0,0,0,0,2
City Hotel,1,60,2016,April,1,1,2,2,0,0,ITA,Online TA,No Deposit,Transient,92.7,0,0,0,1
City Hotel,1,0,2016,December,12,1,0,2,0,0,PRT,Corporate,No Deposit,Transient,77.0,1,0,0,2
Resort Hotel,0,5,2017,February,9,1,3,2,0,0,GBR,Online TA,No Deposit,Transient,63.72,0,1,0,4
City Hotel,1,290,2015,August,3,1,3,2,0,0,PRT,Groups,No Deposit,Transient-Party,62.0,0,0,0,0
City Hotel,0,190,2016,December,28,0,4,2,0,0,DEU,Direct,No Deposit,Transient,167.8,0,0,0,1
City Hotel,0,101,2016,April,26,0,1,2,0,0,PRT,Groups,No Deposit,Transient-Party,98.0,0,0,0,0
City Hotel,1,350,2016,September,30,1,2,2,0,0,PRT,Offline TA/TO,Non Refund,Transient,90.0,0,0,0,0
Resort Hotel,1,55,2016,July,21,0,3,2,0,0,PRT,Online TA,No Deposit,Transient,179.0,0,0,0,1
City Hotel,1,88,2016,June,26,1,0,2,0,0,DEU,Online TA,No Deposit,Transient,96.3,0,0,0,0
City Hotel,1,103,2016,October,21,2,3,2,0,0,IRL,Online TA,No Deposit,Transient,126.72,0,0,0,0
City Hotel,0,85,2016,April,17,2,1,2,0,0,BEL,Online TA,No Deposit,Transient,96.3,0,0,0,1
City Hotel,1,207,2016,August,13,4,6,2,0,0,GBR,Online TA,No Deposit,Transient,81.6,0,0,0,0
Resort Hotel,0,0,2016,December,26,1,0,2,0,0,ESP,Direct,No Deposit,Transient,93.0,0,0,0,1
Resort Hotel,0,11,2016,April,30,2,1,2,0,0,NLD,Online TA,No Deposit,Transient,104.33,0,0,1,1
Resort Hotel,0,116,2016,May,13,2,2,2,0,0,GBR,Online TA,No Deposit,Transient,75.0,0,0,0,2
Resort Hotel,1,25,2016,November,28,1,3,1,0,0,PRT,Offline TA/TO,No Deposit,Transient,32.0,0,0,0,0
City Hotel,0,68,2017,July,10,1,0,2,0,0,GBR,Online TA,No Deposit,Transient,100.0,0,0,0,1
City Hotel,0,25,2015,July,27,1,1,2,0,0,ESP,Groups,No Deposit,Transient-Party,62.0,0,0,0,0
City Hotel,0,55,2015,September,6,2,0,2,0,0,ESP,Groups,No Deposit,Transient-Party,75.0,0,0,0,0
City Hotel,0,0,2016,January,18,1,1,1,0,0,GRC,Offline TA/TO,No Deposit,Transient,64.5,0,0,0,0
Resort Hotel,0,141,2015,December,31,0,3,2,1,0,PRT,Offline TA/TO,No Deposit,Transient,92.43,0,1,0,1
City Hotel,1,185,2016,December,16,1,2,2,0,0,DEU,Online TA,No Deposit,Transient,103.5,0,0,0,0
Resort Hotel,1,247,2015,October,9,1,2,2,0,0,ESP,Groups,Non Refund,Transient,81.0,0,0,0,0
City Hotel,1,149,2017,February,24,2,2,2,0,0,BRA,Online TA,No Deposit,Transient,91.6,0,1,0,1
City Hotel,1,206,2017,March,26,2,1,1,0,0,PRT,Groups,No Deposit,Transient-Party,67.5,0,0,0,0
City Hotel,1,405,2017,July,4,0,2,2,0,0,PRT,Offline TA/TO,No Deposit,Transient-Party,80.0,0,0,0,0
City Hotel,1,34,2017,June,12,1,0,2,0,0,NLD,Online TA,No Deposit,Transient,140.0,0,0,0,2
Resort Hotel,0,3,2017,May,29,1,3,2,0,0,PRT,Online TA,No Deposit,Transient,129.0,0,0,1,2
City Hotel,0,76,2017,April,3,1,5,2,0,0,GBR,Offline TA/TO,No Deposit,Transient,89.1,0,0,0,1
Resort Hotel,0,131,2016,December,24,2,3,1,0,0,GBR,Online TA,No Deposit,Transient,37.8,0,0,0,2
Resort Hotel,0,104,2016,May,1,2,5,2,0,0,GBR,Offline TA/TO,No Deposit,Contract,84.95,0,0,0,0
Resort Hotel,0,2,2015,September,27,2,1,2,0,0,ESP,Direct,No Deposit,Transient,95.0,0,0,1,0
City Hotel,1,2,2016,July,10,2,0,2,0,0,PRT,Complementary,No Deposit,Transient,0.0,0,0,0,1
City Hotel,1,252,2016,August,14,2,3,2,2,0,DEU,Online TA,No Deposit,Transient-Party,163.63,0,2,0,1
Resort Hotel,0,5,2016,May,11,1,4,1,0,0,GBR,Groups,No Deposit,Transient-Party,70.0,0,3,0,0
City Hotel,0,42,2017,June,3,1,1,2,0,0,BEL,Direct,No Deposit,Transient,150.0,0,1,0,0
City Hotel,0,58,2016,March,4,0,2,2,0,0,BEL,Online TA,No Deposit,Transient-Party,80.3,0,0,0,1
Resort Hotel,0,297,2017,May,20,0,1,2,0,0,IRL,Online TA,No Deposit,Transient,54.0,0,0,0,1
City Hotel,0,6,2015,September,24,0,1,1,0,0,FRA,Offline TA/TO,No Deposit,Transient,77.0,0,0,0,0
City Hotel,0,159,2016,April,9,1,1,2,0,0,FRA,Offline TA/TO,No Deposit,Transient-Party,70.0,0,0,0,1
Resort Hotel,0,134,2017,June,21,0,4,2,0,0,PRT,Direct,No Deposit,Transient,141.67,0,1,0,2
City Hotel,1,279,2016,October,12,0,3,2,0,0,PRT,Offline TA/TO,Non Refund,Transient,110.0,0,0,0,0
Resort Hotel,0,17,2016,May,12,0,3,2,2,0,AUT,Online TA,No Deposit,Transient,135.0,0,0,0,0
City Hotel,0,163,2017,August,19,2,2,2,0,0,LUX,Online TA,No Deposit,Transient-Party,131.5,0,1,0,2
City Hotel,0,2,2015,December,17,0,2,1,0,0,PRT,Corporate,No Deposit,Transient,65.0,1,0,0,0
City Hotel,0,85,2017,May,28,2,2,2,0,0,GBR,Offline TA/TO,No Deposit,Transient,89.1,0,0,0,1
Resort Hotel,0,75,2016,August,20,2,1,2,0,0,FRA,Direct,No Deposit,Transient,191.0,0,0,0,1
City Hotel,0,14,2016,May,8,2,0,3,0,0,ISR,Online TA,No Deposit,Transient,147.0,0,0,0,2
City Hotel,1,97,2017,April,8,2,3,3,0,0,AUT,Online TA,No Deposit,Transient,157.25,0,0,0,0
Resort Hotel,0,337,2017,February,23,8,20,2,0,0,GBR,Direct,No Deposit,Transient,46.4,0,1,0,1
Resort Hotel,0,1,2016,February,18,0,1,2,1,0,ARG,Online TA,No Deposit,Transient,64.0,0,1,1,0
Resort Hotel,1,238,2016,September,7,0,3,1,0,0,PRT,Groups,Non Refund,Transient,89.0,0,0,0,0
Resort Hotel,1,88,2016,September,11,2,1,2,0,0,CHE,Online TA,No Deposit,Transient,148.4,0,0,0,0
City Hotel,0,62,2017,January,12,0,3,3,0,0,NLD,Direct,No Deposit,Transient,124.5,0,0,0,0
City Hotel,0,316,2017,July,11,0,5,2,0,0,FRA,Online TA,No Deposit,Transient,117.0,0,1,0,3
City Hotel,0,48,2016,November,4,0,2,2,0,0,ESP,Online TA,No Deposit,Transient,97.2,0,0,0,2
City Hotel,1,37,2017,May,29,1,2,2,2,0,GBR,Online TA,No Deposit,Transient,270.0,0,0,0,0
Resort Hotel,0,115,2015,October,2,2,2,2,0,0,IRL,Online TA,No Deposit,Transient,56.0,0,1,0,1
City Hotel,1,97,2015,October,5,1,3,1,0,0,PRT,Groups,Non Refund,Transient,140.0,0,0,0,0
City Hotel,0,106,2016,July,27,0,3,2,0,0,GBR,Offline TA/TO,No Deposit,Transient,82.45,0,0,0,1
City Hotel,0,224,2017,July,17,1,1,2,0,0,CHE,Online TA,No Deposit,Transient,89.1,0,0,0,0
City Hotel,0,101,2016,August,20,1,1,2,1,0,NLD,Online TA,No Deposit,Transient,134.1,0,0,0,1
City Hotel,1,52,2017,January,6,2,2,2,0,0,ITA,Online TA,No Deposit,Transient,88.4,1,0,0,2
City Hotel,1,30,2016,October,20,0,3,2,1,0,GBR,Online TA,No Deposit,Transient,159.0,0,0,0,1
Resort Hotel,1,247,2016,December,25,2,1,2,0,0,IRL,Online TA,No Deposit,Transient,46.8,0,0,0,2
City Hotel,0,72,2015,October,28,0,3,2,0,0,ISR,Groups,No Deposit,Transient-Party,85.67,0,0,0,1
City Hotel,0,181,2016,July,25,1,2,2,0,0,GBR,Direct,No Deposit,Transient-Party,85.5,0,0,0,0
City Hotel,0,10,2017,January,22,2,1,1,0,0,TUR,Offline TA/TO,No Deposit,Transient-Party,65.0,0,1,0,0
City Hotel,0,180,2016,October,10,1,2,1,0,0,PRT,Offline TA/TO,No Deposit,Transient-Party,120.0,0,1,0,0
Resort Hotel,0,1,2017,June,2,1,2,2,0,0,PRT,Direct,No Deposit,Transient,130.5,1,0,1,2
City Hotel,1,40,2015,August,15,2,2,2,0,0,PRT,Groups,No Deposit,Transient-Party,62.0,0,0,0,0
Resort Hotel,0,36,2016,August,10,0,3,2,0,0,SWE,Online TA,No Deposit,Transient,229.0,0,0,0,1
City Hotel,0,97,2017,April,6,0,3,2,0,0,FRA,Online TA,No Deposit,Transient,120.0,0,0,1,1
City Hotel,1,37,2017,May,8,1,4,2,0,0,ITA,Online TA,No Deposit,Transient,191.4,0,0,0,1
City Hotel,1,335,2016,October,13,0,3,2,0,0,PRT,Offline TA/TO,No Deposit,Transient-Party,90.0,0,1,0,1
Resort Hotel,0,0,2017,May,21,1,0,2,0,0,ITA,Direct,No Deposit,Transient,75.0,0,0,0,0
Resort Hotel,0,34,2016,November,15,0,2,2,0,0,NLD,Online TA,No Deposit,Transient-Party,59.4,0,0,0,3
City Hotel,0,3,2017,July,3,1,0,1,0,0,PRT,Corporate,No Deposit,Transient,65.0,1,0,0,2
City Hotel,0,16,2015,September,5,1,1,2,2,0,ESP,Direct,No Deposit,Transient,185.0,0,0,0,2
City Hotel,0,17,2017,March,20,1,0,1,0,0,FRA,Direct,No Deposit,Transient,80.0,1,0,0,2
City Hotel,0,48,2016,May,24,0,2,2,0,0,PRT,Online TA,No Deposit,Transient,140.4,0,0,0,1
City Hotel,1,178,2016,September,9,0,2,1,0,0,PRT,Groups,Non Refund,Transient,135.0,0,0,0,0
Resort Hotel,0,6,2017,July,16,2,4,2,1,0,ESP,Online TA,No Deposit,Transient,176.16,0,0,0,1
Resort Hotel,1,222,2015,September,15,1,5,2,0,0,PRT,Groups,Non Refund,Transient,49.95,0,0,0,0
City Hotel,1,106,2016,March,15,2,9,2,0,0,PRT,Online TA,No Deposit,Transient,110.77,0,0,0,0
City Hotel,0,297,2016,May,14,1,1,2,0,0,FRA,Groups,No Deposit,Transient-Party,65.0,0,0,0,0
Resort Hotel,0,64,2016,September,30,2,4,3,0,0,RUS,Offline TA/TO,No Deposit,Transient,105.77,0,0,0,0
Resort Hotel,0,84,2015,August,5,2,5,2,0,1,PRT,Online TA,No Deposit,Transient,168.71,0,1,0,3
City Hotel,0,92,2015,October,7,0,4,2,0,0,PRT,Offline TA/TO,No Deposit,Transient-Party,70.0,0,0,0,0
City Hotel,1,219,2017,May,4,0,3,2,0,0,GBR,Online TA,No Deposit,Transient,130.5,0,0,0,3
City Hotel,0,9,2016,October,17,1,3,2,0,0,ESP,Online TA,No Deposit,Transient,155.0,0,0,0,1
City Hotel,1,0,2017,June,29,0,2,3,0,0,USA,Online TA,No Deposit,Transient-Party,149.4,0,0,0,1
City Hotel,0,62,2017,August,23,0,1,1,0,0,DEU,Offline TA/TO,No Deposit,Transient-Party,115.0,0,0,0,0
City Hotel,0,4,2015,August,17,1,3,2,0,0,ESP,Online TA,No Deposit,Contract,122.0,0,0,0,3
City Hotel,0,63,2017,August,7,1,1,2,0,0,PRT,Online TA,No Deposit,Transient,140.0,0,0,0,2
City Hotel,1,0,2015,August,14,0,2,2,0,0,PRT,Offline TA/TO,No Deposit,Transient-Party,109.0,0,0,0,0
City Hotel,0,12,2017,January,16,1,3,2,0,0,DNK,Online TA,No Deposit,Transient,88.33,0,0,0,0
City Hotel,0,0,2016,July,8,1,2,2,0,0,GBR,Online TA,No Deposit,Transient,135.67,0,0,0,0
Resort Hotel,0,15,2016,February,6,2,5,1,0,0,GBR,Offline TA/TO,No Deposit,Transient,57.0,0,2,0,0
City Hotel,0,85,2016,October,6,1,3,2,0,0,CN,Offline TA/TO,No Deposit,Transient-Party,85.0,0,0,0,1
City Hotel,1,182,2017,March,11,2,6,2,0,0,PRT,Corporate,No Deposit,Transient-Party,90.0,0,0,0,0
City Hotel,0,29,2017,January,18,0,4,1,0,0,SWE,Groups,No Deposit,Transient-Party,65.0,0,1,0,0
City Hotel,0,8,2017,February,2,0,2,1,0,0,FRA,Offline TA/TO,No Deposit,Transient,75.0,0,1,0,0
City Hotel,0,0,2015,October,9,0,1,2,0,0,PRT,Direct,No Deposit,Transient,152.0,0,0,0,0
City Hotel,0,148,2017,June,7,1,4,2,0,0,DEU,Online TA,No Deposit,Transient,144.0,0,0,0,1
Resort Hotel,1,183,2016,September,5,1,5,2,0,0,CN,Online TA,No Deposit,Transient,146.0,0,0,0,0
Resort Hotel,1,93,2015,December,19,0,1,2,0,0,PRT,Groups,Non Refund,Transient,80.0,0,0,0,0
City Hotel,1,129,2017,January,8,2,1,1,0,0,PRT,Groups,Non Refund,Transient,67.0,0,0,0,0
Resort Hotel,0,39,2017,June,4,2,5,2,0,0,BEL,Offline TA/TO,No Deposit,Group,95.0,0,0,0,0
Resort Hotel,0,56,2017,January,19,2,5,2,0,0,IRL,Online TA,No Deposit,Transient,44.0,0,0,0,1
Resort Hotel,0,5,2015,October,10,1,1,2,0,0,ESP,Online TA,No Deposit,Transient,77.5,0,0,1,1
City Hotel,1,29,2016,September,9,0,2,2,0,0,GBR,Online TA,No Deposit,Transient,132.05,0,0,0,0
City Hotel,1,61,2017,July,29,2,1,3,0,0,CHN,Online TA,No Deposit,Transient,197.4,0,0,0,0
Resort Hotel,1,150,2017,June,22,0,3,2,0,0,PRT,Online TA,No Deposit,Transient,142.0,0,0,0,2
City Hotel,0,320,2016,August,18,0,2,2,0,0,DEU,Offline TA/TO,No Deposit,Transient-Party,115.0,0,0,0,1
City Hotel,1,290,2015,August,3,1,3,2,0,0,PRT,Groups,No Deposit,Transient-Party,62.0,0,0,0,0
City Hotel,1,419,2016,September,1,0,2,2,0,0,PRT,Groups,Non Refund,Transient,62.0,0,0,0,0
City Hotel,0,265,2016,June,24,1,2,1,0,0,DEU,Offline TA/TO,No Deposit,Transient-Party,83.33,0,1,0,0
Resort Hotel,1,5,2016,January,4,1,3,2,0,0,PRT,Groups,No Deposit,Transient-Party,68.0,0,0,0,0
City Hotel,1,92,2017,March,15,0,3,2,0,0,PRT,Groups,Non Refund,Transient,85.0,0,0,0,0
City Hotel,1,53,2015,August,24,1,1,2,0,0,PRT,Groups,No Deposit,Transient-Party,62.0,0,0,0,0
City Hotel,0,11,2015,December,5,2,2,2,0,0,PRT,Groups,No Deposit,Transient-Party,104.0,0,0,0,0
City Hotel,0,29,2016,December,1,2,3,2,0,0,IRL,Online TA,No Deposit,Transient,104.0,0,0,0,1
City Hotel,1,196,2016,August,6,1,1,2,0,0,GBR,Online TA,No Deposit,Transient,85.5,0,0,0,0
Resort Hotel,0,6,2016,May,15,1,0,2,0,0,GBR,Online TA,No Deposit,Transient,96.0,0,2,0,1
Resort Hotel,1,48,2015,July,27,1,1,2,2,0,PRT,Online TA,No Deposit,Transient,195.0,0,0,0,1
Resort Hotel,0,32,2016,August,12,0,2,1,0,0,USA,Online TA,No Deposit,Transient,254.0,0,0,0,1
City Hotel,0,68,2016,December,10,2,1,2,0,0,USA,Direct,No Deposit,Transient,79.2,0,0,0,0
City Hotel,0,156,2016,July,11,2,5,2,1,0,FRA,Offline TA/TO,No Deposit,Transient,94.91,0,1,0,1
City Hotel,0,60,2015,November,15,2,4,2,0,0,PRT,Online TA,No Deposit,Contract,76.0,0,0,0,1
Resort Hotel,1,283,2016,September,4,2,5,2,0,0,PRT,Offline TA/TO,No Deposit,Transient,64.8,0,0,0,0
Resort Hotel,0,26,2015,October,27,0,1,1,0,0,,Corporate,No Deposit,Transient,48.0,0,0,0,0
Resort Hotel,0,27,2017,August,6,2,0,2,0,0,FRA,Direct,No Deposit,Transient,227.0,0,0,0,2
Resort Hotel,0,364,2016,October,12,0,4,2,0,0,GBR,Groups,No Deposit,Transient-Party,69.0,0,0,1,0
Resort Hotel,0,9,2015,December,19,0,1,1,0,0,PRT,Online TA,No Deposit,Transient,39.0,0,0,0,1
City Hotel,0,47,2017,May,15,1,2,2,0,0,ITA,Offline TA/TO,No Deposit,Transient-Party,164.0,0,0,0,1
City Hotel,1,0,2016,March,8,0,2,1,0,0,PRT,Corporate,No Deposit,Transient-Party,75.0,0,0,0,0
City Hotel,0,298,2016,May,10,0,2,1,0,0,NZL,Offline TA/TO,No Deposit,Transient-Party,76.0,0,1,0,0
City Hotel,0,18,2016,May,21,2,2,2,0,0,BEL,Offline TA/TO,No Deposit,Transient,80.75,0,0,0,0
Resort Hotel,0,63,2017,April,16,2,5,2,1,0,FRA,Direct,No Deposit,Transient,87.5,0,0,0,0
City Hotel,1,59,2016,September,24,1,1,3,0,0,GBR,Online TA,No Deposit,Transient,168.3,0,0,0,0
City Hotel,1,21,2015,December,31,2,3,2,0,0,PRT,Offline TA/TO,No Deposit,Transient,132.4,0,0,0,1
City Hotel,1,17,2017,February,26,2,1,1,0,0,PRT,Groups,No Deposit,Transient-Party,75.0,0,0,0,0
City Hotel,0,198,2017,March,17,1,2,2,0,1,NLD,Online TA,No Deposit,Transient,93.6,0,2,0,3
City Hotel,0,4,2017,March,7,0,2,1,0,0,PRT,Corporate,No Deposit,Transient,80.0,1,0,0,2
City Hotel,0,16,2015,August,8,2,2,1,0,0,POL,Groups,No Deposit,Transient-Party,60.0,0,1,0,0
Resort Hotel,0,94,2015,July,5,4,6,3,0,0,PRT,Direct,No Deposit,Transient,124.45,0,3,1,1
City Hotel,1,81,2017,May,5,1,2,2,0,0,GBR,Online TA,No Deposit,Transient,162.0,0,0,0,0
City Hotel,0,46,2017,March,7,0,5,1,0,0,GBR,Online TA,No Deposit,Transient,64.14,0,0,0,1
City Hotel,0,85,2016,October,26,0,1,2,0,0,BRA,Online TA,No Deposit,Transient,90.9,0,0,0,3
Resort Hotel,0,227,2015,September,15,0,5,3,0,0,IRL,Offline TA/TO,No Deposit,Transient,71.69,0,0,0,1
Resort Hotel,0,151,2017,July,11,2,5,2,0,0,ITA,Online TA,No Deposit,Transient,188.86,0,0,0,2
Resort Hotel,0,1,2017,February,7,0,2,2,0,0,ESP,Direct,No Deposit,Transient,86.0,0,0,1,1
Resort Hotel,0,138,2017,May,28,4,7,2,0,0,GBR,Offline TA/TO,No Deposit,Contract,222.02,0,0,0,0
City Hotel,0,62,2016,May,19,0,1,1,0,0,GBR,Online TA,No Deposit,Transient,116.1,0,0,0,0
City Hotel,0,83,2015,September,23,0,2,2,0,0,ESP,Groups,No Deposit,Transient-Party,62.0,0,0,0,0
Resort Hotel,0,89,2016,October,29,2,2,2,0,0,DEU,Online TA,No Deposit,Transient,43.9,0,0,0,2
City Hotel,0,249,2016,December,27,0,5,2,0,0,FRA,Offline TA/TO,No Deposit,Transient,120.55,0,0,0,0
City Hotel,0,0,2016,March,19,0,1,2,1,0,PRT,Direct,No Deposit,Transient,199.0,0,2,0,1
City Hotel,1,37,2016,October,13,0,3,2,0,0,PRT,Offline TA/TO,No Deposit,Transient-Party,105.0,0,0,0,0
City Hotel,0,63,2016,April,26,0,2,1,0,0,BEL,Online TA,No Deposit,Transient-Party,109.35,0,1,0,2
City Hotel,0,36,2016,April,23,2,2,2,0,0,FRA,Online TA,No Deposit,Transient,118.8,0,0,0,1
City Hotel,0,88,2016,March,20,2,3,2,0,0,ESP,Online TA,No Deposit,Transient,77.35,0,0,0,1
Resort Hotel,0,203,2017,May,25,0,3,1,0,0,GBR,Groups,No Deposit,Transient-Party,48.0,0,2,0,0
Resort Hotel,1,212,2016,April,11,2,5,2,0,0,PRT,Groups,Non Refund,Transient,76.05,0,0,0,0
City Hotel,0,27,2016,August,31,0,2,2,0,0,GBR,Online TA,No Deposit,Transient,110.0,0,1,0,3
City Hotel,0,138,2017,January,13,2,2,2,0,0,BEL,Online TA,No Deposit,Transient,77.86,0,1,0,0
City Hotel,0,88,2016,May,3,0,3,2,0,0,PRT,Offline TA/TO,No Deposit,Transient-Party,117.0,0,0,0,1
Resort Hotel,1,277,2016,June,12,2,2,2,0,0,PRT,Groups,Non Refund,Transient,110.0,0,0,0,0
City Hotel,0,29,2016,August,30,0,1,2,0,0,PRT,Online TA,No Deposit,Transient,122.0,0,0,0,2
City Hotel,0,35,2017,February,9,2,7,2,0,0,FRA,Online TA,No Deposit,Transient,117.87,0,0,0,0
City Hotel,1,38,2016,March,23,0,2,2,2,0,ESP,Online TA,No Deposit,Transient,171.0,0,0,0,0
City Hotel,1,50,2017,May,22,1,2,2,0,0,CHN,Online TA,No Deposit,Transient,144.0,0,0,0,1
Resort Hotel,0,1,2016,December,14,0,1,1,0,0,PRT,Online TA,No Deposit,Transient,34.4,0,0,0,1
City Hotel,1,38,2016,May,23,1,2,2,0,0,DEU,Online TA,No Deposit,Transient,126.9,0,0,0,1
City Hotel,1,19,2017,February,11,2,2,2,1,0,CHE,Online TA,No Deposit,Transient,108.8,0,0,0,0
City Hotel,1,99,2017,April,23,2,2,2,0,0,GBR,Online TA,No Deposit,Transient,108.0,0,0,0,0
City Hotel,0,269,2016,December,29,2,3,1,0,0,SWE,Offline TA/TO,No Deposit,Transient-Party,70.0,0,0,0,0
Resort Hotel,0,59,2015,July,12,2,5,2,0,0,ESP,Online TA,No Deposit,Transient,144.43,0,0,1,2
City Hotel,0,23,2016,December,7,0,1,2,0,0,ESP,Online TA,No Deposit,Transient,88.0,0,1,0,2
City Hotel,0,36,2017,June,13,0,2,2,1,0,IND,Online TA,No Deposit,Transient,114.8,0,0,0,2
City Hotel,0,368,2017,June,28,0,3,2,0,0,GBR,Groups,No Deposit,Transient-Party,112.67,0,0,0,1
City Hotel,1,305,2016,October,1,1,1,2,0,0,PRT,Groups,Non Refund,Transient,100.0,0,0,0,0
Resort Hotel,0,236,2017,June,4,4,6,2,0,0,GBR,Offline TA/TO,No Deposit,Contract,100.4,0,0,0,0
City Hotel,1,219,2017,June,9,1,2,2,0,0,PRT,Offline TA/TO,Non Refund,Transient,105.0,0,0,0,0
City Hotel,1,146,2017,August,29,0,5,2,0,0,NOR,Online TA,No Deposit,Transient,131.0,0,0,0,1
Resort Hotel,0,406,2016,August,29,3,9,2,0,0,GBR,Offline TA/TO,No Deposit,Contract,57.68,0,1,0,1
City Hotel,0,27,2017,July,14,0,2,1,0,0,DEU,Online TA,No Deposit,Transient,140.0,0,0,0,1
City Hotel,0,64,2016,September,28,0,3,2,0,0,PRT,Offline TA/TO,No Deposit,Transient,101.52,0,0,0,0
City Hotel,1,0,2016,February,4,0,1,2,0,0,ITA,Online TA,No Deposit,Transient,79.0,0,0,0,0
City Hotel,1,136,2016,May,26,0,3,2,2,0,AUT,Online TA,No Deposit,Transient,198.9,0,0,0,0
City Hotel,1,186,2017,May,30,0,2,2,0,0,PRT,Groups,Non Refund,Transient,130.0,0,0,0,0
Resort Hotel,0,1,2017,January,5,0,1,2,0,0,SWE,Direct,No Deposit,Transient,44.0,0,0,0,1
City Hotel,0,119,2016,December,28,0,3,2,1,0,CHE,Direct,No Deposit,Transient,202.33,0,2,0,1
Resort Hotel,1,85,2016,November,11,2,2,2,0,0,PRT,Online TA,No Deposit,Transient,37.8,0,0,0,2
Resort Hotel,0,71,2016,September,12,1,1,2,0,0,USA,Online TA,No Deposit,Transient,167.0,0,1,1,1
City Hotel,0,134,2016,April,9,1,1,2,0,0,PRT,Groups,No Deposit,Transient-Party,90.0,0,0,0,1
Resort Hotel,1,155,2016,December,26,1,3,2,0,0,GBR,Online TA,No Deposit,Transient,37.8,0,0,0,2
City Hotel,1,281,2016,April,14,0,2,2,0,0,PRT,Groups,Non Refund,Transient,62.0,0,0,0,0
City Hotel,0,61,2015,November,23,1,2,1,0,0,EGY,Groups,No Deposit,Transient-Party,70.0,0,0,0,0
City Hotel,0,66,2016,September,1,0,3,2,0,0,ESP,Online TA,No Deposit,Transient,141.9,0,0,0,1
Resort Hotel,1,162,2017,June,13,0,2,3,1,0,FIN,Online TA,No Deposit,Transient,185.0,0,0,0,1
City Hotel,0,27,2016,September,20,0,1,1,0,0,BRA,Direct,No Deposit,Transient-Party,85.0,0,1,0,0
City Hotel,1,327,2015,September,9,0,2,1,0,0,PRT,Groups,Non Refund,Transient-Party,60.0,0,0,0,0
City Hotel,0,129,2016,May,13,1,2,1,0,0,USA,Online TA,No Deposit,Transient,121.5,0,0,0,1
City Hotel,1,43,2016,July,19,0,3,2,0,0,SWE,Online TA,No Deposit,Transient,123.9,0,0,0,0
Resort Hotel,0,15,2015,July,31,0,2,2,0,0,CHN,Online TA,No Deposit,Transient,173.0,0,0,1,2
City Hotel,0,303,2016,November,18,2,2,2,0,0,DEU,Online TA,No Deposit,Transient,73.95,0,0,0,1
Resort Hotel,0,105,2015,November,18,2,4,2,0,0,ESP,Offline TA/TO,No Deposit,Transient-Party,69.0,0,0,0,0
City Hotel,1,311,2015,August,24,1,1,2,0,0,PRT,Groups,Non Refund,Transient-Party,62.0,0,0,0,0
City Hotel,1,122,2017,June,8,0,3,2,0,0,FRA,Online TA,No Deposit,Transient,154.67,0,0,0,0
City Hotel,1,308,2016,November,25,0,2,2,0,0,PRT,Offline TA/TO,Non Refund,Transient,52.0,0,0,0,0
Resort Hotel,0,0,2016,March,18,0,2,2,0,0,ESP,Online TA,No Deposit,Transient,65.0,0,0,0,1
Resort Hotel,1,121,2015,September,12,2,4,2,0,0,PRT,Online TA,No Deposit,Transient,82.0,0,0,0,2
City Hotel,0,1,2017,June,16,0,2,2,0,0,PER,Online TA,No Deposit,Transient,190.0,0,0,0,1
City Hotel,0,96,2016,July,15,2,2,2,0,0,GBR,Direct,No Deposit,Transient,94.5,0,0,0,0
City Hotel,1,94,2017,August,25,1,2,2,1,0,PRT,Online TA,No Deposit,Transient,122.45,0,0,0,0
City Hotel,1,230,2017,May,7,2,2,3,0,0,BRA,Online TA,No Deposit,Transient,157.7,0,0,0,2
Resort Hotel,0,4,2017,January,29,2,0,2,0,0,ESP,Offline TA/TO,No Deposit,Transient,34.0,0,0,0,0
City Hotel,1,63,2015,September,4,0,2,2,0,0,PRT,Offline TA/TO,No Deposit,Transient-Party,116.0,0,0,0,0
Resort Hotel,0,225,2016,May,26,0,3,1,0,0,GBR,Groups,No Deposit,Transient-Party,66.0,0,2,1,0
City Hotel,0,77,2016,April,15,1,2,2,0,0,FRA,Online TA,No Deposit,Transient,68.04,0,0,0,1
City Hotel,1,342,2015,September,24,0,2,2,0,0,PRT,Groups,Non Refund,Contract,62.0,0,0,0,0
City Hotel,1,105,2017,June,26,1,3,2,0,0,CHE,Online TA,No Deposit,Transient,126.0,0,0,0,0
Resort Hotel,0,229,2016,September,3,2,5,2,0,0,IRL,Offline TA/TO,No Deposit,Contract,79.9,0,1,0,0
City Hotel,0,9,2016,January,4,1,0,2,0,0,ITA,Online TA,No Deposit,Transient-Party,89.0,0,0,0,1
Resort Hotel,0,286,2017,May,18,1,3,2,0,0,GBR,Offline TA/TO,No Deposit,Contract,78.95,0,1,0,1
City Hotel,1,44,2016,November,25,2,4,2,0,0,DEU,Online TA,No Deposit,Transient,74.8,0,0,0,0
Resort Hotel,0,9,2015,August,24,1,5,3,0,0,PRT,Direct,No Deposit,Transient,209.0,0,0,0,1
Resort Hotel,0,49,2015,November,12,0,2,2,0,0,GBR,Online TA,No Deposit,Transient-Party,68.0,0,0,0,2
City Hotel,1,157,2017,May,1,1,3,2,0,0,PRT,Groups,Non Refund,Transient,130.0,0,0,0,0
Resort Hotel,0,14,2016,February,13,2,5,2,0,0,FRA,Direct,No Deposit,Transient,64.0,0,1,1,2
Resort Hotel,0,9,2015,December,14,1,0,1,0,0,ESP,Corporate,No Deposit,Transient,38.0,0,0,0,0
Resort Hotel,0,49,2016,August,29,2,5,2,0,0,USA,Direct,No Deposit,Transient,218.6,1,1,1,0
Resort Hotel,1,22,2016,July,8,2,2,2,0,0,GBR,Online TA,No Deposit,Transient,159.0,0,0,0,0
Resort Hotel,0,3,2016,February,4,2,3,1,0,0,NZL,Corporate,No Deposit,Transient,49.3,0,2,0,0
City Hotel,0,2,2016,May,9,1,0,2,0,0,PRT,Online TA,No Deposit,Transient,89.0,0,0,0,2
City Hotel,1,192,2016,October,28,2,3,2,2,0,FRA,Online TA,No Deposit,Transient,164.63,0,0,0,0
City Hotel,1,119,2015,December,28,2,5,2,0,0,PRT,Online TA,No Deposit,Transient,46.51,0,1,0,1
City Hotel,1,24,2017,February,21,0,5,2,0,0,GBR,Online TA,No Deposit,Transient,97.58,0,0,0,0
City Hotel,0,271,2015,July,15,0,2,1,0,0,PRT,Groups,No Deposit,Transient-Party,0.0,0,0,0,0
City Hotel,0,47,2016,March,7,1,3,2,0,0,ARM,Online TA,No Deposit,Transient,65.75,0,0,0,0
City Hotel,0,31,2017,January,5,0,3,2,1,0,ITA,Online TA,No Deposit,Transient,124.0,0,0,0,2
City Hotel,0,292,2016,December,13,0,4,2,0,0,ITA,Direct,No Deposit,Transient-Party,81.6,0,0,0,1
City Hotel,1,420,2017,May,20,2,1,2,0,0,PRT,Groups,Non Refund,Transient,90.0,0,0,0,0
City Hotel,0,47,2016,October,18,0,3,2,0,0,NLD,Offline TA/TO,No Deposit,Transient,85.5,0,0,0,0
City Hotel,0,16,2015,July,25,2,1,2,0,0,PRT,Groups,No Deposit,Transient-Party,86.0,0,0,0,0
City Hotel,1,164,2016,August,24,0,3,2,0,0,PRT,Online TA,No Deposit,Transient,76.46,0,0,0,0
Resort Hotel,0,0,2017,May,27,1,1,2,0,0,PRT,Online TA,No Deposit,Transient,123.3,0,0,0,0
City Hotel,0,79,2016,June,16,2,4,2,0,0,AUT,Online TA,No Deposit,Transient,120.6,0,1,0,0
Resort Hotel,0,5,2017,March,6,1,0,1,0,0,PRT,Offline TA/TO,No Deposit,Transient,30.0,0,1,0,0
City Hotel,1,166,2016,November,1,0,3,1,0,0,PRT,Offline TA/TO,Non Refund,Transient,110.0,0,0,0,0
City Hotel,1,283,2015,July,27,1,1,2,0,0,PRT,Groups,Non Refund,Transient-Party,62.0,0,0,0,0
City Hotel,0,115,2016,April,8,0,2,2,0,0,FRA,Groups,No Deposit,Transient-Party,65.0,0,0,0,1
City Hotel,0,0,2016,June,10,0,1,2,0,0,PRT,Online TA,No Deposit,Transient,130.0,0,0,1,0
Resort Hotel,0,68,2015,August,30,2,3,2,1,0,ESP,Offline TA/TO,No Deposit,Transient,135.13,0,0,1,0
City Hotel,0,230,2016,September,2,1,2,2,0,0,DEU,Online TA,No Deposit,Transient-Party,96.3,0,0,0,1
City Hotel,0,51,2017,March,8,0,0,0,0,0,PRT,Offline TA/TO,No Deposit,Transient,0.0,0,1,0,0
City Hotel,0,180,2016,October,10,1,2,1,0,0,FRA,Offline TA/TO,No Deposit,Transient-Party,120.0,0,1,0,0
Resort Hotel,0,202,2016,November,12,2,2,2,0,0,GBR,Online TA,No Deposit,Transient-Party,37.8,0,0,0,2
City Hotel,0,152,2017,July,9,2,0,2,1,0,CHE,Online TA,No Deposit,Transient,125.1,0,0,0,2
City Hotel,0,149,2017,June,24,0,1,2,0,0,USA,Corporate,No Deposit,Transient-Party,154.0,0,0,0,1
Resort Hotel,1,304,2017,June,8,2,3,2,0,0,PRT,Groups,Non Refund,Transient,66.0,0,0,0,0
Resort Hotel,0,0,2017,March,13,1,0,2,0,0,PRT,Direct,No Deposit,Transient,67.0,1,0,1,1
City Hotel,0,6,2016,July,8,1,2,1,0,0,CHE,Offline TA/TO,No Deposit,Transient,75.0,0,0,0,0
Resort Hotel,0,169,2016,March,31,0,3,2,0,0,PRT,Groups,Refundable,Transient-Party,66.0,0,1,0,0
City Hotel,0,153,2016,June,29,0,4,2,0,0,BEL,Online TA,No Deposit,Transient,83.83,0,0,0,1
Resort Hotel,0,14,2016,August,30,0,1,2,0,0,BEL,Online TA,No Deposit,Transient,180.0,0,0,0,2
Resort Hotel,0,197,2016,April,30,1,1,1,0,0,HUN,Groups,No Deposit,Transient-Party,54.5,0,1,0,0
City Hotel,1,140,2015,December,29,0,5,2,0,0,PRT,Offline TA/TO,Non Refund,Transient,70.0,0,0,0,0
Resort Hotel,0,22,2016,March,16,2,5,2,0,0,DEU,Offline TA/TO,No Deposit,Transient,30.6,0,0,0,0
Resort Hotel,0,0,2017,February,17,0,1,2,1,0,PRT,Online TA,No Deposit,Transient-Party,110.0,0,2,0,1
City Hotel,0,31,2016,February,4,0,2,1,0,0,PRT,Corporate,No Deposit,Transient-Party,71.0,0,2,0,0
City Hotel,1,161,2017,February,19,2,1,2,0,0,IRL,Online TA,No Deposit,Transient,104.0,0,0,0,1
Resort Hotel,0,14,2017,May,23,0,3,2,0,0,GBR,Online TA,No Deposit,Transient,101.33,0,0,0,1
City Hotel,0,50,2016,September,1,2,4,2,0,0,USA,Direct,No Deposit,Transient,124.58,0,2,0,0
City Hotel,1,28,2016,February,26,1,2,3,0,0,ESP,Online TA,No Deposit,Transient,125.77,0,0,0,1
City Hotel,0,17,2016,November,18,2,2,2,0,0,DEU,Online TA,No Deposit,Transient,107.5,0,0,0,0
Resort Hotel,0,7,2017,June,16,1,2,2,0,0,PRT,Online TA,No Deposit,Transient,186.0,0,0,1,1
City Hotel,1,71,2016,June,14,0,3,1,0,0,PRT,Offline TA/TO,Non Refund,Transient,120.0,0,0,0,0
City Hotel,0,69,2017,April,21,2,3,2,0,0,FRA,Direct,No Deposit,Transient,108.0,0,0,0,0
City Hotel,1,372,2016,July,14,0,2,2,0,0,PRT,Groups,Non Refund,Transient,62.0,0,0,0,0
City Hotel,1,110,2016,May,9,1,1,2,0,0,DEU,Online TA,No Deposit,Transient,105.3,0,0,0,0
City Hotel,1,290,2016,June,17,1,2,2,0,0,PRT,Offline TA/TO,No Deposit,Transient-Party,72.0,0,0,0,0
City Hotel,1,32,2015,October,4,2,3,2,0,0,PRT,Online TA,No Deposit,Contract,94.5,0,0,0,1
Resort Hotel,0,1,2016,April,29,0,1,2,0,0,ESP,Online TA,No Deposit,Transient,65.0,0,0,1,0
Resort Hotel,0,1,2015,November,27,0,1,2,0,0,PRT,Online TA,No Deposit,Transient,48.0,0,0,0,1
City Hotel,0,377,2016,October,14,0,2,2,0,0,DEU,Offline TA/TO,No Deposit,Transient-Party,115.0,0,0,0,1
City Hotel,1,142,2017,August,16,0,4,2,0,0,ITA,Online TA,No Deposit,Transient,125.0,0,0,0,0
Resort Hotel,1,18,2016,March,22,0,1,2,0,0,ESP,Online TA,No Deposit,Transient,48.0,0,0,0,0
City Hotel,1,50,2016,March,11,2,2,2,0,0,TUR,Online TA,No Deposit,Transient,63.75,0,0,0,0
Resort Hotel,0,229,2017,July,30,2,2,3,0,0,CN,Offline TA/TO,No Deposit,Transient,157.28,0,2,0,1
Resort Hotel,0,116,2015,August,7,2,5,2,1,1,PRT,Offline TA/TO,No Deposit,Transient,133.5,0,0,1,2
Resort Hotel,0,0,2016,May,25,0,1,2,0,0,PRT,Direct,No Deposit,Transient,129.0,1,0,0,0
City Hotel,0,7,2015,August,20,0,1,2,1,0,PRT,Direct,No Deposit,Transient,67.5,0,0,0,1
City Hotel,1,148,2015,December,30,1,4,2,0,0,PRT,Offline TA/TO,Non Refund,Transient,67.0,0,0,0,0
City Hotel,0,122,2016,March,27,2,1,1,0,0,PRT,Offline TA/TO,No Deposit,Transient-Party,86.0,0,1,0,0
City Hotel,0,155,2016,July,6,2,4,2,0,0,GBR,Direct,No Deposit,Transient-Party,97.75,0,2,0,1
City Hotel,0,113,2016,March,23,0,4,2,1,0,IRL,Online TA,No Deposit,Transient,68.3,0,0,0,1
City Hotel,0,29,2016,October,5,0,2,2,0,0,FRA,Online TA,No Deposit,Transient,152.0,0,0,0,2
City Hotel,0,105,2016,August,6,1,1,2,0,0,MAR,Online TA,No Deposit,Transient,107.1,0,0,0,1
City Hotel,1,37,2016,June,4,1,1,2,0,0,USA,Online TA,No Deposit,Transient,131.4,0,0,0,0
City Hotel,0,16,2017,March,23,0,1,1,0,0,ESP,Corporate,No Deposit,Transient-Party,93.0,0,0,0,0
Resort Hotel,0,95,2015,August,16,2,3,2,0,1,PRT,Online TA,No Deposit,Transient,166.0,0,0,0,3
City Hotel,0,83,2016,December,18,2,0,2,0,0,FRA,Offline TA/TO,No Deposit,Transient,75.0,0,0,0,0
Resort Hotel,0,40,2017,January,16,1,2,1,0,0,PRT,Groups,No Deposit,Transient-Party,55.0,0,0,0,0
City Hotel,0,14,2016,June,8,0,4,2,0,0,USA,Offline TA/TO,No Deposit,Transient,110.8,0,0,0,1
City Hotel,1,80,2017,March,31,0,2,2,0,0,PRT,Offline TA/TO,Non Refund,Transient,90.0,0,0,0,0
City Hotel,1,49,2017,June,28,0,2,1,0,0,PRT,Online TA,No Deposit,Transient,83.6,0,0,0,1
City Hotel,1,14,2016,August,8,2,5,2,0,0,PRT,Offline TA/TO,No Deposit,Transient,116.0,0,0,0,0
Resort Hotel,0,88,2015,December,19,2,2,2,0,0,GBR,Offline TA/TO,No Deposit,Transient,40.5,0,0,0,0
City Hotel,0,13,2017,May,15,1,2,2,0,0,CHE,Corporate,No Deposit,Transient,125.0,0,0,0,0
Resort Hotel,0,134,2017,April,13,0,3,1,0,0,PRT,Online TA,No Deposit,Transient,61.5,1,0,0,5
City Hotel,1,37,2016,October,13,0,3,2,0,0,PRT,Offline TA/TO,No Deposit,Transient-Party,105.0,0,0,0,0
City Hotel,1,350,2016,June,17,0,2,1,0,0,PRT,Groups,Non Refund,Transient,130.0,0,0,0,0
Resort Hotel,0,14,2016,December,5,1,2,2,0,0,ESP,Groups,No Deposit,Transient-Party,84.0,0,0,0,0
Resort Hotel,0,161,2016,July,19,2,5,2,0,0,GBR,Offline TA/TO,No Deposit,Transient,97.76,0,0,0,0
City Hotel,1,156,2017,April,26,0,3,2,0,0,PRT,Groups,Non Refund,Transient,100.0,0,0,0,0
City Hotel,1,440,2016,September,22,0,2,2,0,0,PRT,Groups,Non Refund,Transient,62.0,0,0,0,0
City Hotel,1,197,2016,June,3,1,2,2,0,0,PRT,Offline TA/TO,Non Refund,Transient,80.0,0,0,0,0
City Hotel,0,95,2016,March,22,0,3,2,0,0,AUT,Offline TA/TO,No Deposit,Transient,38.67,0,0,0,1
City Hotel,1,110,2017,May,7,2,2,1,0,0,BEL,Online TA,No Deposit,Transient,126.0,0,0,0,0
Resort Hotel,0,0,2017,January,19,2,4,2,2,0,POL,Direct,No Deposit,Transient-Party,60.0,0,3,0,0
Resort Hotel,1,155,2016,June,22,4,10,2,0,0,PRT,Offline TA/TO,No Deposit,Contract,76.5,0,0,0,0
Resort Hotel,0,6,2015,November,9,1,3,1,0,0,PRT,Corporate,No Deposit,Transient,25.0,1,1,0,0
Resort Hotel,0,70,2017,February,22,0,4,2,0,0,GBR,Corporate,No Deposit,Transient-Party,42.0,1,0,0,0
Resort Hotel,0,188,2017,August,12,2,3,2,0,0,CHE,Online TA,No Deposit,Transient,210.0,0,0,0,3
Resort Hotel,0,74,2015,August,18,1,5,2,0,0,PRT,Offline TA/TO,No Deposit,Transient,107.0,0,0,0,0
City Hotel,0,51,2017,April,12,0,1,2,0,0,ESP,Online TA,No Deposit,Transient,108.0,0,0,0,0
Resort Hotel,0,152,2016,February,8,1,3,2,0,0,IRL,Online TA,No Deposit,Transient,67.88,0,1,1,2
City Hotel,0,9,2015,November,7,0,1,2,0,0,PRT,Online TA,No Deposit,Transient,76.0,0,2,0,1
City Hotel,1,183,2017,July,28,0,1,2,1,0,DEU,Online TA,No Deposit,Transient,148.5,0,0,0,1
Resort Hotel,0,15,2015,November,27,0,2,2,0,0,PRT,Corporate,No Deposit,Transient-Party,66.0,0,0,1,0
City Hotel,1,277,2016,November,7,1,2,2,0,0,PRT,Groups,Non Refund,Transient,100.0,0,0,0,0
Resort Hotel,0,47,2015,September,5,2,4,2,0,0,PRT,Direct,No Deposit,Transient,171.0,0,0,0,2
Resort Hotel,0,0,2016,September,27,0,1,1,0,0,PRT,Direct,No Deposit,Transient,105.0,0,0,1,0
Resort Hotel,0,261,2016,October,6,0,2,2,0,0,PRT,Groups,No Deposit,Transient-Party,87.0,0,0,0,0
Resort Hotel,0,207,2015,September,26,1,1,2,0,0,FRA,Offline TA/TO,No Deposit,Transient-Party,74.0,0,0,0,0
City Hotel,0,96,2017,May,1,1,3,2,0,0,FRA,Offline TA/TO,No Deposit,Transient,85.0,0,0,0,0
Resort Hotel,0,542,2016,September,26,2,5,2,0,0,GBR,Groups,No Deposit,Transient-Party,70.0,0,0,0,1
City Hotel,1,17,2017,January,29,2,4,3,0,0,TUR,Online TA,No Deposit,Transient,125.8,0,0,0,1
Resort Hotel,0,2,2015,November,18,0,1,2,0,0,PRT,Corporate,No Deposit,Transient,38.0,0,0,0,0
City Hotel,0,0,2016,June,8,0,1,1,0,0,ESP,Direct,No Deposit,Transient,92.65,0,0,0,0
City Hotel,1,26,2017,May,22,1,1,2,0,0,PRT,Offline TA/TO,Non Refund,Transient,128.0,0,0,0,0
City Hotel,0,241,2017,May,25,1,3,3,0,0,DEU,Online TA,No Deposit,Transient,161.88,0,0,0,2
City Hotel,1,158,2016,May,24,0,2,1,0,0,PRT,Groups,Non Refund,Transient,130.0,0,0,0,0
City Hotel,0,15,2017,January,21,1,1,3,2,0,PRT,Offline TA/TO,No Deposit,Transient,284.2,0,0,0,1
Resort Hotel,0,132,2016,May,25,2,4,2,2,0,GBR,Direct,No Deposit,Transient,106.3,0,2,1,0
Resort Hotel,0,1,2016,May,18,0,1,1,0,0,PRT,Online TA,No Deposit,Transient,64.0,0,0,0,0
Resort Hotel,1,319,2017,June,5,1,3,2,1,0,PRT,Online TA,No Deposit,Transient,68.08,0,0,0,1
Resort Hotel,0,336,2016,September,15,1,3,1,0,0,GBR,Groups,No Deposit,Transient-Party,60.0,0,2,0,0
City Hotel,0,135,2017,February,25,2,1,2,0,0,ITA,Online TA,No Deposit,Transient,79.2,0,0,0,1
City Hotel,0,18,2015,August,26,0,3,2,0,0,ESP,Online TA,No Deposit,Transient,93.0,0,0,1,0
City Hotel,0,327,2017,May,2,0,2,1,0,0,USA,Direct,No Deposit,Group,93.5,0,2,0,1
City Hotel,0,0,2017,January,9,1,3,2,0,0,TUR,Direct,No Deposit,Transient,65.16,0,0,0,2
Resort Hotel,0,3,2017,January,16,1,0,1,0,0,ITA,Groups,No Deposit,Transient-Party,55.0,0,0,0,0
City Hotel,0,108,2016,May,27,2,2,1,0,0,GBR,Offline TA/TO,No Deposit,Transient,153.9,0,0,0,0
City Hotel,0,145,2017,June,30,0,2,3,0,0,BRA,Online TA,No Deposit,Transient,182.25,0,0,0,0
Resort Hotel,1,130,2017,June,27,0,3,2,0,0,ESP,Online TA,No Deposit,Transient,152.0,0,0,0,1
City Hotel,0,157,2017,June,20,2,6,2,0,0,IRL,Online TA,No Deposit,Transient,127.8,0,0,0,1
City Hotel,0,7,2016,May,16,1,0,1,0,0,DEU,Online TA,No Deposit,Transient,78.8,0,0,0,0
Resort Hotel,0,1,2015,December,4,2,2,2,0,0,ESP,Direct,No Deposit,Transient,48.0,0,0,0,1
Resort Hotel,0,275,2016,April,10,2,5,2,0,0,GBR,Groups,No Deposit,Transient-Party,74.45,0,0,0,0
City Hotel,0,65,2017,May,20,1,1,2,1,0,GBR,Online TA,No Deposit,Transient,180.0,0,0,0,2
City Hotel,1,169,2016,April,22,2,2,2,0,0,PRT,Offline TA/TO,No Deposit,Transient-Party,106.0,0,0,0,0
City Hotel,1,28,2017,April,10,1,2,2,0,0,ESP,Online TA,No Deposit,Transient,140.0,0,0,0,0
City Hotel,1,54,2015,December,1,0,1,1,0,0,PRT,Direct,No Deposit,Transient-Party,81.0,0,0,0,0
City Hotel,0,138,2015,July,25,0,1,2,0,0,PRT,Groups,No Deposit,Transient-Party,60.0,0,0,0,0
City Hotel,1,193,2016,June,20,1,2,2,0,0,PRT,Offline TA/TO,Non Refund,Transient,120.0,0,0,0,0
Resort Hotel,1,110,2017,July,1,2,2,2,0,0,CN,Online TA,No Deposit,Transient,165.0,0,0,0,1
Resort Hotel,0,121,2017,April,29,2,5,2,0,0,GBR,Offline TA/TO,No Deposit,Transient,56.0,0,0,0,0
Resort Hotel,0,23,2015,August,29,2,3,2,0,0,IRL,Offline TA/TO,No Deposit,Transient,110.58,0,0,0,0
Resort Hotel,0,44,2016,April,23,1,1,2,0,0,PRT,Direct,No Deposit,Transient,80.0,0,0,0,0
Resort Hotel,0,18,2015,December,5,1,1,3,2,0,ESP,Direct,No Deposit,Transient,93.0,0,0,0,0
Resort Hotel,0,223,2016,December,20,2,5,2,0,0,GBR,Online TA,No Deposit,Transient-Party,89.31,0,0,1,3
Resort Hotel,1,237,2017,August,24,2,4,2,0,0,GBR,Online TA,No Deposit,Transient,153.75,0,0,0,1
Resort Hotel,0,121,2017,January,22,2,5,2,0,0,GBR,Groups,No Deposit,Transient-Party,72.0,0,0,0,0
Resort Hotel,0,203,2016,May,2,1,5,2,0,0,IRL,Online TA,No Deposit,Transient,46.98,0,3,0,1
City Hotel,1,1,2016,January,19,0,3,1,0,0,PRT,Offline TA/TO,No Deposit,Transient-Party,80.0,0,0,0,0
Resort Hotel,0,2,2015,October,12,1,1,2,0,0,ESP,Online TA,No Deposit,Transient,56.0,0,1,0,1
City Hotel,0,98,2017,April,24,1,4,2,0,0,FRA,Offline TA/TO,No Deposit,Transient,85.0,0,0,0,0
Resort Hotel,0,211,2016,September,1,2,5,2,0,0,ESP,Direct,No Deposit,Transient,129.0,0,0,0,1
Resort Hotel,0,36,2016,October,20,1,3,2,0,0,GBR,Groups,No Deposit,Transient-Party,6.0,0,1,0,0
City Hotel,0,186,2017,March,27,1,3,3,0,0,IRL,Online TA,No Deposit,Transient,119.0,0,0,0,3
City Hotel,1,180,2015,October,16,0,1,2,0,0,PRT,Offline TA/TO,Non Refund,Transient,70.0,0,0,0,0
City Hotel,1,123,2016,March,30,0,3,2,0,0,PRT,Online TA,No Deposit,Transient-Party,89.92,0,0,0,0
City Hotel,0,9,2016,June,3,0,2,1,0,0,PRT,Offline TA/TO,No Deposit,Transient-Party,0.0,0,1,0,0
Resort Hotel,1,194,2017,July,22,2,4,2,0,0,ESP,Online TA,No Deposit,Transient,183.75,0,0,0,2
City Hotel,0,3,2016,August,20,0,1,2,0,0,ESP,Online TA,No Deposit,Transient,140.0,0,0,0,3
Resort Hotel,0,216,2016,June,7,4,10,2,0,0,GBR,Offline TA/TO,No Deposit,Transient,51.84,0,0,0,0
City Hotel,0,191,2016,May,12,0,2,2,0,0,AUS,Offline TA/TO,No Deposit,Transient,80.75,0,0,0,1
City Hotel,0,132,2015,July,23,0,1,2,0,0,PRT,Groups,No Deposit,Transient-Party,90.0,0,0,0,0
City Hotel,0,286,2016,September,16,0,2,2,0,0,ITA,Offline TA/TO,No Deposit,Transient-Party,117.0,0,0,0,1
City Hotel,0,14,2015,October,15,0,2,1,0,0,PRT,Offline TA/TO,No Deposit,Transient-Party,100.0,0,0,0,0
Resort Hotel,0,82,2016,December,7,0,4,1,0,0,ESP,Groups,No Deposit,Transient-Party,33.3,0,1,0,0
City Hotel,1,179,2017,April,7,1,2,0,2,0,ESP,Online TA,No Deposit,Transient,110.68,0,0,0,1
City Hotel,1,1,2017,January,24,0,2,1,0,0,PRT,Corporate,No Deposit,Transient,65.0,1,0,0,1
Resort Hotel,0,17,2017,August,17,0,1,2,0,0,ITA,Online TA,No Deposit,Transient,230.0,0,1,0,2
Resort Hotel,0,288,2016,May,3,2,5,2,0,0,GBR,Offline TA/TO,No Deposit,Contract,56.11,0,0,0,0
City Hotel,0,317,2017,August,11,1,2,2,0,0,DEU,Online TA,No Deposit,Transient-Party,108.9,0,0,1,1
Resort Hotel,1,47,2017,April,7,1,2,1,0,0,PRT,Online TA,No Deposit,Transient,103.33,0,0,0,2
City Hotel,0,457,2017,August,25,0,2,2,0,0,DEU,Offline TA/TO,No Deposit,Transient-Party,122.4,0,1,0,1
Resort Hotel,0,37,2015,August,29,2,4,3,0,0,PRT,Online TA,No Deposit,Transient,186.5,0,0,1,0
Resort Hotel,0,0,2016,May,14,0,1,2,0,0,PRT,Direct,No Deposit,Transient,119.0,0,1,1,1
City Hotel,1,109,2016,February,21,2,1,2,0,0,PRT,Offline TA/TO,Non Refund,Transient,75.0,0,0,0,0
City Hotel,1,444,2016,December,1,0,3,1,0,0,PRT,Offline TA/TO,Non Refund,Transient,75.0,0,0,0,0
City Hotel,0,74,2016,July,13,0,4,3,0,0,DEU,Online TA,No Deposit,Transient,137.7,0,0,0,3
City Hotel,0,36,2016,October,28,1,2,2,1,0,FRA,Offline TA/TO,No Deposit,Transient,100.0,0,0,0,1
Resort Hotel,1,155,2017,May,1,1,4,2,0,0,GBR,Online TA,No Deposit,Transient,115.0,0,0,0,1
City Hotel,0,95,2016,November,6,2,3,2,0,0,GBR,Offline TA/TO,No Deposit,Transient,59.5,0,0,0,0
Resort Hotel,1,68,2017,April,9,2,2,2,0,0,GBR,Online TA,No Deposit,Transient,90.0,0,0,0,0
Resort Hotel,0,2,2016,March,30,0,1,1,0,0,PRT,Corporate,No Deposit,Transient,42.0,1,0,0,0
Resort Hotel,0,94,2017,February,13,1,3,2,0,0,GBR,Groups,No Deposit,Transient-Party,62.0,0,0,0,1
Resort Hotel,0,157,2016,June,19,2,5,2,0,0,IRL,Offline TA/TO,No Deposit,Transient,70.4,0,0,0,0
Resort Hotel,0,0,2016,July,26,0,1,3,0,0,PRT,Direct,No Deposit,Transient,241.0,0,0,0,1
City Hotel,0,14,2017,March,6,1,3,2,0,0,DEU,Online TA,No Deposit,Transient,80.24,0,0,0,0
City Hotel,0,346,2016,September,13,0,2,1,0,0,PRT,Offline TA/TO,No Deposit,Transient-Party,90.0,0,1,0,0
City Hotel,0,24,2016,May,8,2,3,1,0,0,USA,Corporate,No Deposit,Transient,95.0,0,0,0,1
City Hotel,1,286,2017,July,2,2,1,2,1,0,BRA,Online TA,No Deposit,Transient,123.3,0,0,0,1
City Hotel,0,111,2016,April,4,1,3,2,0,0,FRA,Online TA,No Deposit,Transient-Party,82.45,0,0,0,1
Resort Hotel,1,6,2015,July,17,0,2,2,0,0,PRT,Online TA,No Deposit,Transient,110.5,0,0,0,1
City Hotel,1,23,2016,December,16,0,1,2,0,0,PRT,Online TA,No Deposit,Transient,104.0,0,0,0,0
City Hotel,0,62,2016,August,8,1,3,2,0,0,FRA,Online TA,No Deposit,Transient,144.0,0,1,1,1
Resort Hotel,1,47,2015,July,29,2,6,2,0,0,PRT,Online TA,No Deposit,Transient,148.63,0,0,0,1
City Hotel,0,7,2017,April,26,0,2,1,0,0,PRT,Corporate,No Deposit,Transient,66.0,0,0,1,0
City Hotel,0,199,2017,May,7,1,0,2,0,0,GBR,Online TA,No Deposit,Transient,126.0,0,0,0,1
City Hotel,0,15,2016,May,30,2,5,2,0,0,FRA,Direct,No Deposit,Transient,115.84,0,0,0,1
City Hotel,0,175,2017,July,21,1,2,2,1,0,CHN,Online TA,No Deposit,Transient,126.63,0,3,0,3
City Hotel,1,189,2017,May,5,1,2,2,0,0,PRT,Groups,No Deposit,Transient-Party,100.0,0,0,0,0
Resort Hotel,0,1,2016,February,27,0,1,2,0,0,PRT,Direct,No Deposit,Transient,50.0,0,0,0,1
Resort Hotel,1,214,2017,May,5,0,2,2,0,0,GBR,Online TA,No Deposit,Transient,54.0,0,0,0,0
City Hotel,1,113,2016,June,30,1,3,2,0,0,PRT,Offline TA/TO,Non Refund,Transient,85.0,0,0,0,0
Resort Hotel,0,10,2016,February,25,0,3,2,0,0,PRT,Online TA,No Deposit,Transient-Party,48.0,0,0,0,1
Resort Hotel,0,1,2015,August,1,1,1,2,0,0,BEL,Online TA,No Deposit,Transient,162.5,0,0,0,1
City Hotel,1,254,2016,September,24,1,1,2,0,0,PRT,Groups,Non Refund,Transient,96.0,0,0,0,0
Resort Hotel,0,213,2017,May,22,4,10,1,0,0,DEU,Offline TA/TO,No Deposit,Transient,68.6,0,0,0,0
City Hotel,1,69,2017,April,6,0,3,1,0,0,PRT,Corporate,Non Refund,Transient,85.0,0,0,0,0
Resort Hotel,1,297,2016,July,14,2,5,2,0,0,PRT,Online TA,No Deposit,Transient,117.0,0,1,0,1
City Hotel,0,66,2017,March,16,0,3,2,0,0,FRA,Online TA,No Deposit,Transient,106.2,0,0,0,0
City Hotel,0,116,2016,March,25,2,5,2,0,0,SWE,Online TA,No Deposit,Contract,104.14,0,0,0,1
City Hotel,0,102,2015,October,16,0,2,2,0,0,DEU,Offline TA/TO,No Deposit,Transient-Party,109.0,0,0,0,0
City Hotel,0,34,2017,June,8,1,3,1,0,0,KIR,Online TA,No Deposit,Transient,108.0,0,0,0,0
City Hotel,1,104,2016,April,27,1,4,2,0,0,DEU,Online TA,No Deposit,Transient,104.55,0,3,0,0
City Hotel,1,280,2016,September,19,1,2,2,0,0,PRT,Offline TA/TO,Non Refund,Transient,110.0,0,0,0,0
Resort Hotel,1,152,2015,August,1,4,10,2,0,0,PRT,Offline TA/TO,No Deposit,Transient,119.7,0,0,0,0
Resort Hotel,0,0,2015,August,14,0,1,2,2,0,CHE,Direct,No Deposit,Transient,203.0,0,0,0,0
City Hotel,0,13,2016,March,20,1,0,1,0,0,BRA,Offline TA/TO,No Deposit,Transient-Party,6.0,0,2,0,0
City Hotel,0,8,2017,May,2,0,3,2,0,0,USA,Online TA,No Deposit,Transient,180.0,0,0,0,1
Resort Hotel,0,168,2016,September,20,2,5,2,0,0,IRL,Online TA,No Deposit,Transient-Party,101.29,0,0,1,2
Resort Hotel,0,6,2016,May,30,1,0,2,0,0,PRT,Online TA,No Deposit,Transient,69.0,0,0,0,1
City Hotel,0,118,2016,July,1,2,5,2,0,0,DNK,Online TA,No Deposit,Transient-Party,107.95,0,0,0,1
City Hotel,0,29,2016,April,17,2,0,2,0,0,ITA,Online TA,No Deposit,Transient,95.95,0,0,0,1
City Hotel,1,156,2017,April,26,0,3,2,0,0,PRT,Groups,Non Refund,Transient,100.0,0,0,0,0
City Hotel,1,391,2016,August,4,0,2,2,0,0,PRT,Groups,Non Refund,Transient,62.0,0,0,0,0
City Hotel,1,272,2015,July,16,0,2,2,0,0,PRT,Groups,No Deposit,Contract,62.0,0,0,0,0
City Hotel,1,293,2015,August,6,0,2,2,0,0,PRT,Groups,Non Refund,Contract,62.0,0,0,0,0
City Hotel,0,99,2016,February,19,0,1,1,0,0,PRT,Corporate,No Deposit,Transient-Party,81.0,0,0,0,0
City Hotel,0,0,2016,September,22,0,1,2,0,0,PRT,Direct,No Deposit,Transient,150.0,0,0,0,0
City Hotel,0,31,2016,October,4,0,3,2,0,0,FRA,Direct,No Deposit,Transient,119.7,0,0,0,0
Resort Hotel,0,15,2015,December,4,1,2,2,0,0,ESP,Online TA,No Deposit,Transient-Party,64.67,0,0,0,2
City Hotel,0,3,2015,August,21,0,2,2,0,0,FRA,Online TA,No Deposit,Contract,106.0,0,0,0,2
City Hotel,0,40,2016,February,11,1,3,1,0,0,GBR,Direct,No Deposit,Transient,68.5,0,0,0,0
City Hotel,0,83,2015,September,30,0,1,2,0,0,PRT,Offline TA/TO,No Deposit,Transient-Party,112.2,0,0,0,0
Resort Hotel,0,92,2016,April,21,1,3,2,0,0,GBR,Direct,No Deposit,Transient,74.8,0,0,0,0
City Hotel,0,1,2016,June,19,2,0,1,0,0,DEU,Online TA,No Deposit,Transient,135.0,0,0,0,0
City Hotel,0,43,2017,August,7,1,1,2,0,0,CHE,Online TA,No Deposit,Transient,160.0,0,0,0,1
City Hotel,0,239,2017,July,5,0,4,1,0,0,DEU,Online TA,No Deposit,Transient,89.1,0,1,0,0
City Hotel,1,12,2015,July,18,2,2,2,0,0,PRT,Groups,No Deposit,Transient-Party,62.0,0,0,0,0
Resort Hotel,0,0,2015,December,5,2,1,2,1,0,ESP,Online TA,No Deposit,Transient,99.1,0,0,1,0
City Hotel,1,1,2016,October,25,0,1,2,0,0,BRA,Online TA,No Deposit,Transient,120.0,0,0,0,2
City Hotel,0,113,2017,August,13,2,2,2,0,0,KOR,Online TA,No Deposit,Transient,125.0,0,0,0,1
City Hotel,0,15,2015,August,28,0,1,2,0,1,PRT,Complementary,No Deposit,Transient,0.0,0,0,0,4
Resort Hotel,0,18,2015,November,7,2,3,1,0,0,DZA,Offline TA/TO,No Deposit,Transient,56.16,0,0,0,0
Resort Hotel,0,152,2017,April,5,0,4,2,0,0,GBR,Groups,No Deposit,Transient-Party,48.0,0,1,0,0
City Hotel,0,74,2015,September,18,0,2,2,0,0,PRT,Offline TA/TO,No Deposit,Transient-Party,109.0,0,0,0,0
City Hotel,0,105,2016,December,1,2,3,3,0,0,FIN,Online TA,No Deposit,Transient,116.8,0,0,0,2
City Hotel,0,7,2017,February,13,0,0,0,0,0,PRT,Online TA,No Deposit,Transient,0.0,0,1,0,1
City Hotel,0,61,2015,October,19,1,3,2,0,0,CHE,Online TA,No Deposit,Transient,78.54,0,0,0,2
City Hotel,1,279,2017,August,28,1,1,2,0,0,FRA,Online TA,No Deposit,Transient,107.1,0,0,0,0
City Hotel,0,178,2016,May,27,0,2,2,0,0,DEU,Online TA,No Deposit,Transient,114.3,0,0,1,1
City Hotel,0,63,2016,November,21,1,4,2,0,0,FRA,Online TA,No Deposit,Transient,88.4,0,0,0,3
City Hotel,0,50,2015,October,9,0,2,2,0,0,PRT,Groups,No Deposit,Transient-Party,85.0,0,0,0,0
Resort Hotel,0,186,2015,September,4,1,2,1,0,0,GBR,Offline TA/TO,No Deposit,Transient-Party,52.2,0,0,0,1
